id	title	title_source	title_uri	ccodes	fclasses	types	lat	lon	geowkt	start	end	links	description	approximation
id_09252	Luya			PE	P	Pueblo	-6.114100	-78.061800		1786	1789	indias:6001273	Tiene el mismo nombre el Pueblo Capital de la Provincia anterior, a cuyo Curato están anexos los habitantes de las haciendas que hay en los valles de Tambillo y Juscubamba , ambos de temperamento frío.	crm:P189_approximates
id_17042	Tuzcacuezco			MX	P	Pueblo Capital	19.696900	-103.982800		1786	1789	indias:1000071	Pueblo y Capital de la Alcaldía mayor de Amola o Amula en el mismo Reyno que el anterior, situado a la orilla de un río de su mismo nombre, tiene 32 familias de Indios y un Convento de Religiosos de San Francisco, está 150 leguas de México .	
id_10162	Mesquital			MX	P	Pueblo	23.474200	-104.395600		1786	1789	indias:1000036	Tiene el mismo nombre otro Pueblo de las Misio nes que tienen los Religiosos de San Francisco en el Reyno de la Nueva Vizcaya en la América Septentrional .	
id_16328	Santiago de Tilapan			MX	P	Barrio	18.804400	-97.099200		1786	1789	indias:1004212	Pueblo pequeño o barrio del distrito de Ixtazoquitlan y Alcaldía mayor de Orizava en Nueva España , tiene 120 familias de Indios.	
id_18211	Zapotlan			MX	P	Pueblo	19.830100	-98.962200		1786	1789		Otro Pueblo hay de este nombre en la jurisdicción y Alcaldía mayor de Pachuca del mismo Reyno, anexo al Curato del de Tezayuca ; solo tiene 14 familias de Indios.	crm:P189_approximates
id_00632	Ana			CO	P	Pueblo	5.119000	-74.952900		1786	1789	indias:5000227	Pueblo del Gobierno de Mariquita , en el Nuevo Reyno de Granada , tiene más de 200 vecinos, es de temperamento cálido, pero muy sano y abundante de frutos, aunque con la pensión de producir sus aguas cotos en la garganta, cuya epidemia padecen casi todos sus vecinos: ha sido muy rico por las excelentes minas de plata que tiene de que han sacado infinita riqueza; pero hoy están casi abandonadas.	crm:P189_approximates
id_11605	Otoca			PE	P	Pueblo	-14.489200	-74.686200		1786	1789	indias:6000503	Pueblo de la Provincia y Corregimiento de Lucanas en el Perú .	
id_00658	Santa Ana			MX	P	Pueblo	21.047500	-101.270800		1786	1789	indias:1000680	Otro que es Real de Minas de la la de Alcaldía mayor de Guanajuato , en el mismo Reyno y Provincia y Obispado de Mechoacán .	crm:P189_approximates
id_14420	Sacatepec			MX	P	Pueblo	17.158900	-95.913300		1786	1789	indias:1003035	Otro Pueblo hay de este nombre en la Cabecera de Atitlan y Alcaldía mayor de Villalta en el mismo Reyno, tiene 115 familias de Indios, y está 15 leguas de su Capital.	
id_00107a	Achoma			PE	P	Pueblo	-15.662000	-71.699500		1786	1789	indias:6000071	Pueblo de la Provincia y Corregimiento de Collahuas , en el Perú . En su inmediación hay un volcán llamado Ambato y Sahuarcuca , que arroja humo y llamas; estas se ven claramente por las noches.	
id_11593	Otaualo			EC	P	Villa Capital	0.228400	-78.263000		1786	1789	indias:5600009	Y la Capital que es la Villa y asiento del mismo nombre Población rande, hermosa y de agradable situación, de temperamento frío, muy abundante en ganados de que abastece a los demás Pueblos; sus naturales son más inclinados a las fábricas de tegidos de algodón en los muchos obrages que les producen gran lucro, que al cultivo de los campos; tiene dos Parroquias y un buen Convento de Religiosos de San Francisco, tiene 18 a 20000 almas de vecindario y está en 13 min. 19 seg. de lat. aust.	
id_14391	Sabirosqui			PE	P	Pueblo	-10.723800	-75.339400		1786	1789	indias:6001564	Pueblo de la Provincia y Corregimiento de Caxamarquilla en el Perú .	crm:P189_approximates
id_03343	Chalchitlan			GT	P	Pueblo	15.342700	-91.312200		1786	1789	indias:2000357	Pueblo de la Alcaldía mayor de Capanabastla en el Reyno de Guatemala .	
id_09274	Macarabita			CO	P	Pueblo	6.506100	-72.592500		1786	1789	indias:5000519	Pueblo de la Provincia y Corregimiento de Tunja en el Nuevo Reyno de Granada , es de temperamento cálido, produce cañas dulces, plátanos y otros muchos frutos, cría con abundancia mulas y ganado cabria, de cuyas pieles fabrican muy buenos cordobanes; sin embargo sus naturales son bien pobres, casi todos abobados, y sujetos a padecer la epidemia de cotos o tumores en la garganta, serán 300 los vecinos, y está 32 leguas al N de Tunja .	
id_14411	Sacadas			AR	P	Pueblo	-34.772000	-59.676000		1786	1789		Pueblo de la Provincia y Gobierno de Buenos Ayres , situado al S de la Villa de Lujan .	crm:P189_approximates
id_00086	Acayuca			MX	A	Alcaldía mayor	17.759200	-94.247400		1786	1789	indias:JUNEVCCZ	Alcaldía mayor de Nueva España, y de la Provincia de Goazacoalco : es de dilatada jurisdicción, y por la mayor parte de temperamento cálido y húmedo; pero tan fértil que da anualmente quatro cosechas de maíz; y como no tiene salida en las demás jurisdicciones, de ahí proviene que los Indios sean poco aplicados al trabajo; pues solo con arrasar los montes, y horadar la tierra a punta de estaca hacen sus siembras, sin gastar arado ni otro equivalente....	crm:P189_approximates
id_12262	Paraguayes			AR	P	Pueblo	-37.825500	-62.390000		1786	1789		Pueblo de la Provincia y Gobierno de Buenos Ayres , situado cerca del río Hueque-Leuvu , a su inmediación por la parte del Sur tiene dos lagunas muy grandes abundantes de salinas.	crm:P189_approximates
id_00567	San Luis Amatlan			MX	P	Pueblo	16.388900	-96.496100		1786	1789	indias:1002498	Otro hay del mismo nombre con la advocación de San Luis, de la Cabecera de Partido y Alcaldía mayor de Miahualtan , en el mismo Reyno. Tiene 380 familias de Indios, inclusos los de sus Barrios; y así en estos como en él se coge una frutilla, como avellanas pequeñas, que llaman Coatecos o Tepexilotes, de mucha consistencia, de los quales tornean cuentas y hacen Rosarios engebados y pintados con diversas cifras de Jesús, María y Joseph o motes del Magníficat, tan permanentes, que muchos han creido...	
id_05130	Cusi			PE	P	Pueblo	-12.563100	-75.908100		1786	1789	indias:6000922	Pueblo de la Provincia y Corregimiento de Yauyos en el Perú , anexo al Curato de Pampas .	
id_14684	Santiago			MX	P	Pueblo	18.993300	-97.930800		1786	1789	indias:1003531	Otro de la Cabecera y Alcaldía mayor de Tepeaca en el mismo Reyno, distante 5 leguas de su Capital.	
id_05095	San Francisco de los Curiquaxes			EC	P	Pueblo	0.183700	-75.918800		1786	1789	indias:5600828	Pueblo de la Provincia y Gobierno de Quixos y Macas en el Reyno de Quito : pertenece al primer partido, y es uno de los que componen las reducciones de Indios Sucumbios que tenían a su cargo los Regulares de la Compañía.	crm:P189_approximates
id_09962a	San Mateo			MX	P	Pueblo	20.178900	-97.578600		1786	1789	indias:1004234	Otro de la Cabezera de Zozocolco y Alcaldía mayor de Papantla en el mismo Reyno; tiene 183 familias de Indios, y está 2 leguas de su Cabezera.	
id_01859	Belille			PE	P	Pueblo	-14.508900	-71.885300		1786	1789	indias:6000246	Pueblo de la Provincia y Corregimiento de Chumbivilcas , en el Perú , situado a orilla del río Apurimac .	
id_01940	Betaza			MX	P	Pueblo Cabecera	17.249400	-96.151400		1786	1789	indias:1002940	Pueblo y Cabecera de la Alcaldía ma yor de Villalta , en Nueva España , es de temperamento cálido, y tiene 265 familias de Indios: está 4 leguas al S de su Capital: a distancia de 3 leguas hay otro Pueblo en que habitan 122 familias que se exercitan en el cultivo del maíz.	
id_11961	Pachas			PE	P	Pueblo	-9.707600	-76.771900		1786	1789	indias:6001055	Pueblo de la Provincia y Corregimiento de Guamalies en el mismo Reyno que los anteriores, a cuyo Curato pertenece un grande obrage que hay en el centro de la Provincia, cerca del río Marañon , que se llama Quivilla , y es donde reside el Corregidor.	crm:P189_approximates
id_11463	Opopeo			MX	P	Pueblo	19.411900	-101.605000		1786	1789	indias:1002063	Pueblo de la Alcaldía mayor de Valladolid en la Provincia y Obispado de Mechoacán y Reyno de Nueva España , anexo al Curato de Cobre : tiene 34 familias de Indios, y dista media legua de él.	
id_15963	Tenalucan			MX	P	Pueblo	21.502200	-102.656400		1786	1789	indias:1004612	Pueblo de la Cabecera departido y Alcaldía mayor de Cuquio en Nueva España , situado 6 leguas al NE de ella.	
id_15442	Surinam			SR	P	Colonia	5.500000	-55.250000		1786	1789		Colonia y Provincia de los Holandeses en la América Meridional , a la orilla occidental del río de su nombre, distante 15 millas de su entrada: los Franceses se establecieron en este país el año de 1640, pero habiéndolo hallado mal sano lo abandonaron luego; y los Ingleses enviaron el de 1661 una Colonia, pero el de 1674 la cedieron a los Holandeses en cambio de la Nueva Yorck : estaba entonces todo aquel territorio lleno de bosques que no daban paso al sol ni al aire para purificarlo de las exá...	crm:P189_approximates
id_09462	Males			VE	P	Pueblo	10.211000	-67.417600		1786	1789	indias:4000054	Otro Pueblo hay de este nombre en la Provincia y Gobierno de Venezuela y Nuevo Reyno de Granada , pertenece al distrito de la Ciudad de Caracas , situado al E de la Laguna Tacarigua .	
id_07393	Huambo			PE	P	Pueblo	-15.730200	-72.108200		1786	1789	indias:6000089	Pueblo de la Provincia y Corregimiento de Collahuas en el Perú , en cuya inmediación hay una laguna llamada Motorca que tiene tres leguas de circuito, donde se cría un pescado que comen los In dios, y llaman Ispi; de esta laguna sacan algunas acequias para el riego de las tierras, y en ellas se forman unos costrones semejantes a la piedra pomez, que con el tiempo se endurece mucho, y los labradores se ven precisados a limpiarlas dos veces al año, porque si no se ciegan e impiden el curso del agu...	
id_07744	San Ildefonso			PY	P	Pueblo	-25.136200	-57.530200		1786	1789		Otro que es presidio y fuerte para contener los Indios infieles en la Provincia y Gobierno del Paraguay .	
id_14788	San Nicolás de Sarare			VE	P	Pueblo	9.778900	-69.165400		1786	1789	indias:4000211	Pueblo de la Provincia y Gobierno de Venezuela en el Nuevo Reyno de Granada , situado a orilla del río de su nombre al E de la Villa de Araure , su Población es de vecinos Españoles y de otras castas, de los quales unos habitan en el Pueblo y otros en los campos donde tienen sus sementeras y hatos de ganado vacuno, de mulas y de caballos; su fundación fue en calidad de Misión el año de 1754 por los Religiosos Capuchinos Andaluces Misioneros de esta Provincia, y estuvo a su cargo hasta el año de ...	
id_16553	Tocotai			PE	P	Pueblo	-15.663300	-74.106600		1786	1789	indias:6000066	Pueblo de la Provincia y Corregimiento de Camaná en el Perú , anexo al Curato del de Chala .	
id_13818	Quipama			CO	P	Pueblo	5.523000	-74.181200		1786	1789	indias:5000491	Pueblo de la jurisdicción de la Ciudad de Muzo y Corregimiento de Tunja en el Nuevo Reyno de Granada , anexo al Curato del de Itoco , es muy reducido y pobre.	
id_14013	Nuestra Señora de los Remedios			CO	P	Ciudad	11.551300	-72.908900		1786	1789	indias:5000012	Ciudad Capital de la Provincia y Gobierno del río del Hacha en el Nuevo Reyno de Granada , fundada a las orillas de él por Nicolás Fedreman con título de Nuestra Señora de las Nieves, que mudó luego al que tiene hoy, es de temperamento cálido, ha sido muy rica y comerciante por la gran pesquería de perlas, que aunque no muy grandes, eran de muchísimo oriente y estimación; hoy ha decaído casi enteramente este lucro en que solo se emplean algunos Indios Guajiros, y la Ciudad se halla reducida a un...	
id_06055	Florida			US	A	País	30.301300	-84.816600		1786	1789	indias:PRSDFL00	país dilatado de la America Septentrional , que se extiende desde el río de las Palmas en la Provincia de Panuco de Nueva España en 22 gr. de lat. hasta la punta de Bacallaos en 48 y 30 min. que son 1.258 leguas de Costa, y desde allí hasta 73 gr. de altura al N, cuyos términos se ignoran todavía, por el S confina con el Seno o Golfo Mexicano , por el O con la Provincia de las Texas , y por el E con el Occéano: incluyese en este país, baxo de estas dimensiones, el Canadá o Nueva Francia, Luisian...	crm:P189_approximates
id_00453	Almaguer			CO	P	Ciudad	1.914000	-76.855400		1786	1789	indias:5600031	Ciudad de la Provincia y Gobierno de Popayán , en el Reyno de Quito , fundada por el Capitán Alonso de Fuenmayor, el año 1543, en la cumbre de un montecillo, que está en medio de una llanura, llamado Guachicono , fértil en trigo, maíz, cebada, frutas, y algún ganado; es de temperamento benigno y templado, y en su distrito tiene algunas minas de oro; está 7 leguas al S de Popayán . Lat. aust. 1 53.	
id_02053	Bocaneme			CO	P	Pueblo	5.296800	-74.851500		1786	1789	indias:5000228	Pueblo corto del Gobierno de Mariquita , en el Nuevo Reyno de Granada , es de temperamento cálido y produce tan pocos frutos, como son sus vecinos e Indios ; pero célebre por sus ricas minas de plata.	crm:P189_approximates
id_11207	Norwich			US	P	Ciudad	41.524300	-72.075900		1786	1789	gn:4839843	Ciudad del Condado de Nueva Londres en la Provincia de Connecticut , situada a orilla de un brazo del río James , 15 millas al N de Nueva Londres , y 11 al S de Canterbury .	crm:P189_approximates
id_15523	Tacazquaro			MX	P	Pueblo	19.728900	-102.545800		1786	1789	indias:1002017	Pueblo de la Cabecera de partido y Alcaldía mayor de Tinguindin en Nueva España , tiene 84 familias de Indios, es de temperamento templado, y a su inmediación hay una laguna que tiene 7 leguas de largo, muy abundante de peces, cuya pesca para vender es lo único en que se ocupan, está 3 leguas al Poniente de su Cabecera.	
id_15163	Santísima Trinidad de Siquisay			VE	P	Pueblo	9.442200	-70.363300		1786	1789	indias:4000650	Pueblo pequeño de Indios de la Provincia y Gobierno de Venezuela en el Nuevo Reyno de Granada , anexo al Curato del de Santa Ana en el distrito de la Ciudad de Tru xillo, de quien dista 5 leguas al Poniente, y 20 de la de Carora al N con inclinación al Oriente, tiene 188 almas de vecindario.	crm:P189_approximates
id_03052a	Cascara			PE	P	Pueblo	-14.989600	-73.351000		1786	1789	indias:6000572	Pueblo de la Provincia y Corregimiento de Parinacochas en el Perú , anexo al Curato de Lampa .	
id_12848	Valle grande de la Pesqueria			MX	P	Pueblo	25.809800	-100.591700		1786	1789	indias:1004940	Valle grande de la) Pueblo del Nuevo Reyno de León en la América Septentrional , anexo al Curato de su Capital, tiene 20 familias, y su territorio es muy abundante en ganado cabrío, semillas y demás frutos; tiene varias minas de plata que dan poca utilidad por la mucha mezcla de plomo con que se halla; es camino para ir a las Provincias de México , Nueva Galicia , Nueva Vizcaya , Nueva Toledo , Nuevo México y demas Provincias que están al Poniente y al Sur: dista 8 leguas al NO de su Capital.	
id_08052	Ixcuntla			MX	P	Pueblo Cabecera	21.811100	-105.206400		1786	1789	indias:1000570	Pueblo y Cabecera de partido de la Alcaldía mayor de Sentipac en el mismo Reyno, tiene 30 familias de Indios, y un Convento de Religiosos de San Francisco; es de temperamento caliente, y dista 8 leguas de su Capital,	
id_09728	Santa María			MX	P	Pueblo	17.138300	-98.393900		1786	1789	indias:1003668	Otro de la Cabeza de Partido y Alcaldía mayor de Tlapa en el mismo Reyno: es de temperamento frío, tiene 210 familias de Indios, y está una legua al S del de Metlatono .	
id_13303	Pontezuelos			AR	P	Pueblo	-33.914200	-60.462500		1786	1789	indias:9000735	Pueblo de la Provincia y Gobierno de Buenos Ayres , situado al E del fuerte de Pergamino , a orilla del río de Sala .	crm:P189_approximates
id_16439	Tlacolula			MX	P	Pueblo	16.299400	-95.725800		1786	1789	indias:1002402	Otro Pueblo hay de este nombre, Cabeza de partido de la Alcaldía mayor de Huamelula , situado en un plan que circunda el río que baxa de la Sierra Nevada , a cuyas orillas tiene vacias arboledas de frutales y los haciendas de ganado mayor, tiene 116 familias de Indios que se ocupan en el cultivo de la grana, está 12 leguas de la Capital.	
id_04404	Conaica			PE	P	Pueblo	-12.520000	-75.006900		1786	1789	indias:6000584	Pueblo de la Provincia y Corregimiento de Angaraez en el Perú .	
id_08691	Lahuaitambo			PE	P	Pueblo	-12.097000	-76.388600		1786	1789	indias:6000836	Pueblo de la Provincia y Corregimiento de Guarochiri en el Perú , anexo al Curato de Chorrillo .	
id_09110	Losicha			MX	P	Pueblo	16.066700	-96.753100		1786	1789	indias:1002515	Otro Pueblo hay de este nombre en la Cabecera de partido y Alcaldía mayor de Miahuatlán en el mismo Reyno, está al S en los confines de la jurisdicción de Xicayán .	
id_14917	San Sebastián			MX	P	Pueblo	19.791500	-103.474300		1786	1789		Otro de la Cabecera y Alcaldía mayor de Sapotlán y Tuispa en el mismo Reyno, distante 3 leguas de su Capital.	crm:P189_approximates
id_03660	Chihuata			PE	P	Pueblo	-16.404000	-71.392000		1786	1789	indias:6000012	Pueblo de la Provincia y Corregimiento de Arequipa en el Perú : es de temperamento frío, y en su jurisdicción hay una laguna de donde se saca mucha sal para el abasto de toda la Provincia, y conducen a otras para el beneficio de la plata.	
id_15573	Tairichi			MX	P	Pueblo	28.805300	-108.936100		1786	1789	indias:1003915	Pueblo de las Misiones que tenían los Regulares de la Compañía en la Provincia de Taraumara y Reyno de la Nueva Vizcaya , distante 28 leguas al SO de la Villa y Real de Minas de San Felipe de Chiguagua .	
id_11697	Oyon			PE	P	Pueblo	-10.668800	-76.772100		1786	1789	indias:6000997	Pueblo de la Provincia y Corregimiento de Caxatambo en el mismo Reyno que el anterior, anexo al Curato de Churin .	
id_04878	Cuapala			MX	P	Pueblo	17.440000	-98.841100		1786	1789	indias:1003681	Pueblo de la Cabecera de Atlistac y Alcaldía mayor de Tlapa eh Nueva España : tiene 42 familias de Indios.	
id_17053	Ubay			BO	H	Rio	-12.462500	-64.378600		1786	1789		Río grande y caudaloso del Perú , nace de una laguna que se forma del Parapiti o Apere en el país y territorio de Isoso , corre al N, inclinándose siempre al NNO, más de 70 leguas, atraviesa el país de los Indios Chiquitos y la Provincia de los Moxos en el Reyno de Quito , en la qual entra crecidísimo por las aguas que ha recogido en el de Itenes enfrente de la estacada de Santa Rosa ; llaman también a este río de la Magdalena , de San Miguel , y antiguamente de los Chiquitos , su boca está en 1...	crm:P189_approximates
id_03941	Chucuito			BO	H	Laguna	-15.904100	-69.291100		1786	1789		La laguna que aunque tiene el mismo nombre se llama también Titicaca, tiene 51 leguas de largo NO SE, y 26 de ancho, aunque ménos por algunas partes: en sus riberas hay Pueblos de 6 Provincias o Corregimientos , que son: esta. Pacages . Omasuyos . Paucarcolla . Lampa . Asangaro ....	crm:P189_approximates
id_08390	San Juan			MX	P	Pueblo	18.607500	-100.197800		1786	1789	indias:1001527	Otro de la Cabecera de partido de Clacayac y Alcaldía mayor de Zultépec en el mismo Reyno tiene 39 familias de Indios que se mantienen de criar ganado mayor y de sembrar algunas frutas y maíz, es de temperamento cálido, y dista una legua al Oriente de su Cabecera.	
id_08742	Larao			PE	P	Pueblo	-11.664700	-76.539400		1786	1789	indias:6000838	Pueblo de la Provincia y Corregimiento de Guarochiri en el Perú , anexo al Curato de Carampoma .	
id_03679	Chilchoiaque			MX	P	Pueblo	19.574700	-96.864200		1786	1789	indias:1004286	Pueblo de la Cabecera de Tlacolula y Alcaldía mayor de Xalapa en Nueva España , situado en una cañada de mucha extensión, que principia en los derrames de Xilotepec , y corre por más de una legua: es Pueblo muy corto y de mal temperamento, por cuya causa, de las muchas familias que lo habitaban, solo se cuentan hoy 19, que sirven de trabajar en las rancherías de la comarca por la esterilidad de su territorio y: a distancia de una legua al N de Xalapa y a orilla del camino Real que sube a México ...	
id_00184	Agchilla			BO	P	Pueblo	-20.324800	-64.803900		1786	1789	indias:8000058	Pueblo de la Provincia y Corregimiento de Pilaya y Paspaya , en el Perú : tiene en su distrito 7 Capillas públicas, a distancia de 4 leguas.	
id_10833	Naguerachi			MX	P	Pueblo	29.135300	-108.118600		1786	1789	indias:1005216	Pueblo de las Misiones que tenían los Regulares de la Compañía en la Provincia de Taraumara y Reyno de la Nueva Vizcaya : está 45 leguas al O de la Villa y Real de Minas de Chiguagua .	crm:P189_approximates
id_07464	Huarcu			PE	P	Villa	-13.074100	-76.369600		1786	1789	indias:6000695	Villa Capital de la Provincia y Corregimiento de Cañete en el Perú , fundada en un hermoso valle del mismo nombre por el Marqués de Cañete, Virrey de aquel Reyno, el año de 1556, pasa cerca un gran río que la fertiliza, fue muy poblada en otro tiempo; pero quedó destruida, sin haberse podido restablecer, por los infortunios de un terremoto que la arruinó el año de 1687, y de haberla saqueado después el pirata Inglés Eduardo David: tiene dos Conventos de Religiosos, uno de San Francisco y otro de...	
id_01070	Aquira			PE	P	Pueblo	-14.214100	-72.187800		1786	1789	indias:6000260	Pueblo de la Provincia y Corregimiento de Cotabambas , en el Perú , cerca del qual hay un manantial de agua, de que se forma un arroyo que cría muchos Vagres, que aunque pequeños son muy sabrosos y estimados en toda la Provincia para el tiempo de Quaresma .	
id_05960	Santa Fe			AR	P	Ciudad	-31.618500	-60.703000		1786	1789	indias:9000023	Tiene el mismo nombre otra Ciudad de la Provincia y Gobierno de Buenos Ayres , fundada el año de 1573 a la parte occidental del río Paraná o de la Plata por Juan de Garay, un poco más arriba de donde entra el río Salado : es de temperamento calido, húmedo y enfermizo: a esta Ciudad baxan todos los efectos del Paraguay y Pueblos del Paraná , de donde se conducen a Buenos Ayres en carretas, pues aunque pudieran subir por el río se tomó este partido por evitar los contravandos: ha sido arruinada va...	
id_05413	Delaware			US	P	Villa	39.576100	-75.592700		1786	1789		Tiene el mismo nombre una Villa de la Provincia y Colonia de Virginia , situada a orilla del río Saota , donde tienen los Ingleses un Fuerte.	
id_11301	Ocatlan			MX	P	Pueblo	20.350800	-102.771700		1786	1789	indias:1000491	Pueblo de la Cabezera de Partido y Alcaldía mayor de la Barca en el Reyno de Nueva Galicia , muy inmediato a su Capital al Poniente.	
id_02762	Capatarida			VE	P	Pueblo	11.075800	-70.531000		1786	1789	indias:4000235	Pueblo de la Provincia y Gobierno de Maracaibo , situado en la Costa a la boca del río llamado así.	
id_11771	Masphis			US	L	Nación	41.850600	-70.845800		1786	1789		Id. lín. 36 Nación de Indios bárbaros de la Nueva Francia o Canadá, los únicos que auxiliaron a las Colonias Americanas, hoy Estados Unidos de la América , en la guerra contra la gran Bretaña , de cuya resulta quedaron independientes: la respuesta que esta Nación dio a los Diputados Americanos, que solicitaban su alianza, es muy singular: aquí tenéis, le dixeron 16 schelines, que es todo nuestro caudal, lo teníamos destinado para comprar aguardiente, pero beberemos agua; saldremos a cazar, y ven...	crm:P189_approximates
id_07685	San Ignacio de los Barbudos			PE	P	Pueblo	-4.668500	-77.206300		1786	1789	indias:5600285	Otro con el sobrenombre de los Barbudos en la Provincia y Gobierno de Mainas del Reyno de Quito , situado en una Isla del gran río Marañon , cerca del Pongo o angostura , fundación del P. Raymundo de Santa Cruz, de la extinguida Compañía.	crm:P189_approximates
id_11829	Monte de Plata			DO	P	Pueblo	18.810100	-69.787500		1786	1789	indias:3000230	Id. Pueblo de la Isla de Santo Domingo , que toma el nombre de una montaña alta de piedra blanca que descubrió el Almirante Don Christóval Colon en su primer viage el año de 1493, y creyó que era de plata: tiene un buen Puerto que los Franceses llaman Portoplate por la denominación que le dieron los Españoles de Puerto de Plata , que también tenía el Pueblo, que se mandó retirar de la Costa el año de 1606 por lo expuesto que estaba a las incursiones de los piratas, y se trasladó a donde está, má...	
id_02321	Busanio			MX	P	Pueblo	31.141300	-111.353700		1786	1789	indias:9900138	Pueblo de la Provincia y Gobierno de la Sonora , en Nueva España , situado en la Cabecera de un río, cerca del Pueblo de Aquimuri .	
id_04474	Condebamba			PE	T	Valle	-6.881500	-79.082600		1786	1789	indias:6001338	Valle grande y hermoso de la provincia y Corregimiento de Huamachuco en el Perú , célebre por su fertilidad.	
id_09849	San Martin			MX	P	Pueblo	20.434700	-103.930600		1786	1789	indias:1000554	Otro de la Cabeza de Partido de Cacula y Alcaldía mayor de Zayula en el mismo Reyno; tiene 80 familias de Indios, y de él se provee la mayor parte de la jurisdicción de cal para sus edificios, por las muchas caleras que tiene en su distrito, está dos leguas y media al Poniente de su Cabezera.	
id_08886	Limatambo			PE	P	Pueblo	-13.479200	-72.442500		1786	1789	indias:6000164	Pueblo de la Provincia y Corregimiento de Abancay en el Perú , distante 13 leguas del Cuzco ,	
id_05617	Durango			MX	P	Ciudad	24.024800	-104.669900		1786	1789	indias:1000004	Ciudad Capital del Reyno de la Nueva Vizcaya en la América Septentrional , fundada en el valle de Guadiana por el Capitán Alonso Pacheco de orden del Virrey de Nueva España Don Luis de Velasco el año de 1551, es de temperamento benigno y sano, sumamente fertil en trigo, maíz, semillas y frutas, por los muchos ríos, fuentes y arroyos que la riegan, de que hace gran comercio, como de las crias de ganado mayor y menor, que también es mucho, y facilita la abundancia y bondad de los pastos: no es Pob...	
id_09836	Santa Marta			CO	P	Ciudad	11.243300	-74.210500		1786	1789	indias:5000011	La Capital es la Ciudad del mismo nombre fundada en la Costa del mar por Rodrigo Bastidas el año de 1525; con un buen Puerto defendido de dos Castillos llamados San Juan y San Vicente : es de temperamento cálido, muy reducida y pobre, la mayor parte de las casas son de madera cubiertas de paja, a excepción de la Catedral y algunos otros edificios; es Cabeza de Obispado erigido el año de 1529 y suprimido por el Pontífice Paulo IV. el año de 1562, pero vuelto a restablecer por Gregorio XIII....	
id_16441	Tlacolula			MX	P	Pueblo	20.810000	-98.497800		1786	1789	indias:1001329	Otro de la Cabeza de partido de Tepehuacan y Alcaldía mayor de Meztitlán tiene un Convento de Religiosos de San Agustín y 270 familias de Indios.	
id_01073	Aquismon			MX	P	Pueblo Cabecera	21.621100	-99.021100		1786	1789	indias:1000200	Pueblo y Cabecera de Partido de la Alcaldía mayor de Valles , en Nueva España , situado a la falda de la Sierra Madre ; en él reside comunmente el Alcalde mayor, y en un Convento que tiene de San Francisco, el Religioso Custodio superior de la jurisdicción, para atender uno y otro por estar en el centro de ella, a providenciar en las fronteras lo que convenga y contener los insultos de los Indios Fronterizos: tiene 240 familias de Indios, 25 de Españoles y otras tantas de Mestizos y Mulatos : a ...	
id_02249	Buena esperanza			AR	P	Ciudad	-27.472000	-58.832900		1786	1789	indias:9001001	Ciudad de la Provincia y Gobierno del Paraguay , en la antigua Provincia de Timbues : la fundó Pedro de Mendoza, el año de 1537, a la orilla austral del río de la Plata ; pero no ha quedado más que el nombre, y un pequeño Pueblo de Indios.	crm:P189_approximates
id_10469	Mocorito			MX	P	Pueblo	25.482200	-107.920000		1786	1789	indias:1003936	Pueblo de las Misiones que tenían los Regulares de la Compañía en la Provincia y Gobierno de Cinaloa y América Septentrional .	
id_02706	Cangrejillos			AR	P	Pueblo	-22.424700	-65.575200		1786	1789		Pueblo de la Provincia y Gobierno del Tucumán y jurisdicción de Jujuy , situado a la orilla del río Laquiaca .	crm:P189_approximates
id_18217	Zaqualpa			MX	A	Jurisdicción	18.350100	-99.929100		1786	1789	indias:JUNEMXZP	Jurisdicción y Alcaldía mayor de Nueva España, a quien está agregado el partido de Escateopán ; consta su jurisdicción de otros 15 Pueblos, Cabezas de partido, y son Marinaltenango . Coatepec . Santa María Escateopán . S. Simón Otzuma . Santiago . Acapetlahuaya . Santa María Teololopán . San Simón Totoltepec . Santa María Tonatico . S. Juan Quetzala . Ixtapa . San Francisco Zicapuzalco . S. Juan Alahuixtlán . S. Francisco Coatepec .	crm:P189_approximates
id_17866	Yacopi			CO	P	Pueblo	5.458800	-74.337900		1786	1789		Otro Pueblo hay de este nombre y de la jurisdición de la Ciudad de la Palma en el mismo Reyno, anexo al Curato del de Guachipai , es también pequeño, de temperamento cálido, y muy reducido y pobre, produce los mismos frutos que aquel.	crm:P189_approximates
id_00636	Santa Ana			MX	P	Pueblo	19.275800	-99.619200		1786	1789	indias:1001716	Otro en la Cabecera de Partido y Alcaldía mayor de Toluca , con 124 familias de Indios, e inmediato a su Capital.	
id_08715	Lampa			CL	P	Pueblo	-33.283300	-70.879100		1786	1789	indias:7000309	Otro de la Provincia y Corregimiento de Santiago en el Reyno de Chile .	
id_00559	Amatenango			MX	P	Pueblo	16.527200	-92.434700		1786	1789	indias:2000028	Pueblo de la Provincia y Alcaldía mayor de Chiapa , en el Reyno de Goatemala .	
id_13728	Quiamare			VE	P	Pueblo	9.880500	-64.535500		1786	1789	indias:4000505	Pueblo de la Provincia de Barcelona y Gobierno de Cumaná en el Reyno de Nueva Andalucía , uno de los que tienen a su cuidado los Religiosos Observantes de San Francisco Misioneros del Piritú, situado a la orilla del río Aragua , lo fundó el año de 1740 Fr....	
id_13862	Quito			EC	A	Provincia	-0.277800	-78.404400		1786	1789	indias:JUQUQUQU	La Provincia y Corregimiento de este nombre es una parte del mismo Reyno, que aunque se conoce con el del distrito de las cinco leguas de la Capital tiene más por algunas partes, y confina por el Sur con el de la Tacunga : todo él está poblado de haciendas, unas situadas en llanos, otras en los ámbitos espaciosos de las quebradas, y otras en los páramos: los frutos que producen son según la disposición de su terreno; las que están en los llanos son propias para maíz, cuyas cosechas son muy abund...	crm:P189_approximates
id_14054	Santo Domingo Retaruleut			GT	P	Pueblo	14.477900	-91.482900		1786	1789	indias:2000819	Otro también de la misma Provincia y Reyno con la advocación de Santo Domingo, anexo al Curato del de Zamaya , tiene 900 Indios de vecindario.	
id_11620	Otusco			PE	P	Pueblo	-7.904500	-78.566200		1786	1789	indias:6001332	Pueblo de la Provincia y Corregimiento de Caxamarca , la grande en el Perú .	
id_04258	Colambo			EC	P	Pueblo	-4.232000	-79.398100		1786	1789	indias:5600470	Pueblo de la Provincia y Corregimiento de Loxa en el Reyno de Quito .	crm:P189_approximates
id_07602	Huquia			AR	P	Pueblo	-23.303000	-65.355700		1786	1789	indias:9000557	Pueblo de la Provincia y Gobierno del Tucumán en la jurisdicción de Jujui , situado a orilla del río Laquiaca .	
id_16212	San Miguel de Thecomatlan			MX	P	Pueblo	18.978300	-99.528600		1786	1789	indias:1001162	Pueblo de la Alcaldía mayor de Marinalco en Nueva España , situado en una cuesta muy empinada de piedra suelta, es de temperamento frío y húmedo, sus vecinos se ocupan en sembrar semillas, frutas y hortalizas con el beneficio del riego de las aguas de un río que corre por la parte del N desde el Pueblo de Tenanzinco , está legua y media por el mismo rumbo de su Capital.	
id_07560	Dos Huertas			PE	P	Pueblo	-7.268600	-78.833000		1786	1789	indias:6001253	Pueblo de la Provincia y Corregimiento de Caxamarca en el Perú , anexo al Curato de Contumaza .	crm:P189_approximates
id_10840	Nanahuatipac			MX	P	Pueblo	18.135600	-97.125800		1786	1789	indias:1002679	Pueblo de la Cabezera de Partido de Teutitlán y Alcaldía mayor de Cuicatlán en Nueva España : tiene 49 familias de Indios, y está una legua de su Cabezera.	
id_16026	Tepantla			MX	P	Pueblo	20.186100	-104.330600		1786	1789	indias:1000431	Pueblo de la Cabeza de partido y Alcaldía mayor de Autlan en Nueva España , tiene 20 familias de Indios que cogen muchas semillas y frutas por ser sumamente fértil el terreno, es anexo del Curato de Tenamaztlan , de donde dista algo más de 4 leguas entre Poniente y Sur.	
id_15553	San Tadeo			PE	P	Pueblo	-10.879700	-74.960200		1786	1789	indias:6001552	Pueblo de las Misiones que tienen los Religiosos de San Francisco del Colegio de Santa Rosa de Ocopa en la Provincia y Corregimiento de Caxamarquilla y Reyno del Perú .	crm:P189_approximates
id_13025	Pimachi			PE	P	Pueblo	-10.490900	-77.252600		1786	1789	indias:6000968	Pueblo de la Provincia y Corregimiento de Caxatambo en el Perú , anexo al Curato de Hachas .	
id_05051	Cuquiarachi			MX	P	Pueblo	30.873600	-109.670000		1786	1789	indias:1003960	Pueblo de las Misiones que tenían los Regulares de la Compañía en la Provincia y Gobierno de la Sonora .	
id_08516	Juito			MX	P	Pueblo	20.319700	-105.326100		1786	1789	indias:1000612	Pueblo de la Cabecera de partido y Alcaldía mayor de Ostotipác en Nueva España , situado cerca de la Costa del mar del Sur .	
id_09674	Marcapata			PE	P	Pueblo	-13.589700	-70.972200		1786	1789	indias:6000330	Pueblo de la Provincia y Corregimiento de Quispicanchi en el Perú , situado a la otra parte de la Cordillera de Vilcanota .	
id_00620	Ampi			PE	P	Pueblo	-14.921200	-73.375100		1786	1789	indias:6000574	Pueblo de la Provincia y Corregimiento de Parinacocha , en el Perú , anexo al Curato de Pacca .	
id_12306	Pararca			PE	P	Pueblo	-15.219100	-73.465500		1786	1789	indias:6000563	Pueblo de la Provincia y Corregimiento de Parinacochas en el Perú .	crm:P189_approximates
id_09658	Marasma			VE	P	Pueblo	10.427600	-66.272700		1786	1789	indias:4000666	Pueblo de la Provincia y Gobierno de Venezuela en el Nuevo Reyno de Granada , situado cerca de la Costa en la Ensenada que forma el Cabo de Codera , a la parte del E.	
id_06736	Guanabacoa			CU	P	Villa	23.123900	-82.300300		1786	1789	indias:3000015	Villa de la Isla de Cuba .	crm:P189_approximates
id_17992	Yatoni			MX	P	Pueblo Cabecera	17.378300	-96.248600		1786	1789	indias:1003022	Pueblo y Cabeza de partido de la Alcaldía mayor de Villalta en Nueva España , tiene 57 familias de Indios, y está 5 1/2 leguas de su Capital.	
id_11270	Nuñoa			PE	P	Pueblo	-14.479500	-70.636700		1786	1789	indias:8000222	Pueblo de la Provincia y Corregimiento de Lampa en el Perú .	
id_01423	Atrato			CO	H	Rio	8.166200	-76.950900		1786	1789		Río grande y caudaloso de la Provincia y Gobierno del Darién , en el Reyno de Tierra Firme : tiene su origen y nacimiento en las montañas de la del Chocó de dos lagunas, que forman los ríos de Quito y de San Pablo , que luego se unen: corre casi del S al N más de 95 leg....	crm:P189_approximates
id_12611	San Pedro			MX	P	Pueblo	19.880300	-97.821700		1786	1789	indias:1003628	Otro de la Cabecera y Alcaldía mayor de Tetela Xonotla en el mismo Reyno, distante legua y media al O de aquella.	
id_01700	Santa Barbara			MX	P	Pueblo	26.803900	-105.819200		1786	1789	indias:1000046	Otro real de minas de la Provincia de Tepeguana y Reyno de la Nueva Vizcaya , situado con inmediación por el SE del Parral .	
id_03891	Choschama			PE	P	Pueblo	-14.150200	-73.900400		1786	1789	indias:6000541	Pueblo de la Provincia y Corregimiento de Lucanas en el Perú , anexo al Curato de Huacaña .	crm:P189_approximates
id_05552	Santo domingo			VE	H	Rio	7.983900	-67.609900		1786	1789		Un Río de la Provincia y Gobierno de Maracaibo nace al lado de la Ciudad de Barinas vieja , corre casi al S, y entra en el de Paragua , poco antes que entre este en el de Apure : también le llaman Guanare ; y según el Ingeniero Bellin entra en el de Apure .	crm:P189_approximates
id_16835	Truxillo			PE	P	Ciudad	-8.111700	-79.028800		1786	1789	indias:6000003	La Capital es la Ciudad del mismo nombre, Cabeza de Obispado sufragáneo de Lima , erigido por Paulo V el año de 1609; la fundó D. Francisco Pizarro, Marqués de los Charcas y Atavillos, conquistador del Perú , el año de 1535, dándole el nombre en memoria de su patria en Extremadura , en un agradable y hermoso llano llamado de Chimú , por haber sido todo el territorio de un Regulo así llamado, que quiere decir poderoso señor; es muy abundante en trigo y azúcar, de que hacen exquisitos dulces que f...	
id_06598	Guacari			CO	P	Pueblo	3.763700	-76.332500		1786	1789	indias:5600506	Pueblo de la Provincia y Gobierno de Popayán en el Nuevo Reyno de Granada .	
id_11449	Ontario			CA	H	Lago	43.649400	-77.726800		1786	1789		Lago grande de la Nueva Francia o Canadá en la América Septentrional , uno de los mayores que hay en ella: tiene 270 millas de largo E O, y 65 de ancho N S: en su orilla Septentrional está situado el fuerte Oswego : crece y baxa este lago diariamente como las mareas del mar, pero solo doce o diez y ocho pulgadas: sus aguas no se velan aun en los Inviernos más rigorosos sino cerca de las orillas, las quales están cubiertas de crecidos árboles especialmente de enahas; hay en este lago muchas Islas...	crm:P189_approximates
id_17896a	Yahualica			MX	P	Pueblo	20.948900	-98.381900		1786	1789	indias:1000113	La Capital es el Pueblo de su mismo nombre, de temperamento templado, tiene 80 familias de Indios, y 60 de Españoles, Mestizos y Mulatos , está 60 leguas al NE de México , en 275 gr. de long. y en 22 gr. de lat. los demás Pueblos son Huatzalingo . Guarnía. Geapa .	
id_17327	Ventilla			BO	P	Pueblo	-16.619000	-68.181700		1786	1789	indias:9900550	Pueblo de la Provincia y Corregimiento de la Paz en el Perú , situado al SSE de la Capital.	
id_12834	Perucho			EC	P	Pueblo	0.109700	-78.423400		1786	1789	indias:5600225	Pueblo del Reyno de Quito en el distrito del Corregimiento de las cinco leguas de la Capital , situado al Poniente de esta, toma el nombre del río Guallabamba , que allí se llama Perucho; es muy abundante de ajies, cañas dulces, algodón y toda especie de frutos de tierra cálida, que es el temperamento que goza, y lo hace poco sano: en su distrito hay un sitio que llaman Tanlagua , y era hacienda de los Regulares de la Compañía, en que hay varias fuentes de agua caliente medicinal, y tienen la ca...	
id_01511	Santa María de Atzacalco			MX	P	Pueblo	19.676900	-98.996900		1786	1789	indias:1000981	Pueblo de la Alcaldía mayor de Ecatepec , en Nueva España : tiene 277 familias de Indios.	
id_00786	San Andrés			MX	P	Pueblo	17.745000	-96.769200		1786	1789		Otro de la Cabecera de Partido de Papalotipac y Alcaldía mayor de Cuicatlán , con 20 familias de Indios.	crm:P189_approximates
id_00049	Acantepec			MX	P	Pueblo Cabecera	17.322800	-98.911400		1786	1789	indias:1003645	Pueblo y Cabecera de Partido de la Alcaldía mayor de Tlapa : es de temperamento frío y húmedo: tiene 92 familias de Indios, en que se incluyen los de otro Pueblo que tiene inmediato, y se mantienen del comercio de los texidos de algodón. Está 5 leguas al O del de Huizapula .	
id_12528	Pautigui			PE	P	Pueblo	-10.923100	-74.207500		1786	1789		Pueblo de la Provincia y Corregimiento de Caxamarquilla en el Perú .	
id_12310	Paras			PE	P	Pueblo	-13.552200	-74.626900		1786	1789	indias:6000457	Pueblo de la Provincia y Corregimiento de Vilcas Huaman en el Perú , anexo al Curato de Totos , célebre por haber descubierto allí Pedro Contreras, natural de San Lucar de Barrameda , la primera mina de azogue que llamó tamaca en compañía de Enrique Garcés, Portugués, el año de 1560, siendo Virrey del Perú Don García Hurtado de Mendoza, Marqués de Cañete, pero se abandonó a los tres años porque no correspondía el producto al gasto.	
id_06393	San Geronimo			MX	P	Pueblo	18.940300	-98.010300		1786	1789	indias:1003466	Otro de la Cabecera y Alcaldía mayor de Tecali , tiene 22 familias de Indios.	
id_12901	Picachos			MX	P	Pueblo	22.703600	-105.182500		1786	1789		Pueblo de la Cabecera de partido y Alcaldía mayor de Acaponeta en Nueva España , está 15 leguas al NE de su Capital.	crm:P189_approximates
id_16062	Asunción de Tepexoyuca			MX	P	Pueblo Cabecera	19.266700	-99.456100		1786	1789	indias:1001571	Pueblo y Cabeza de partido de la Alcaldía mayor de Metepec en Nueva España , tiene 192 familias de Indios, y está 3 leguas al ESO de su Capital.	
id_07077	Hadley			US	P	Ciudad	42.834800	-71.987900		1786	1789	gn:5087042	Ciudad del Condado de Hampshire en la Bahía de Massachusets , al E del banco del río Connecticut , donde casi forma una Isla.	crm:P189_approximates
id_14291	Rosario			AR	P	Villa	-32.945900	-60.640600		1786	1789	indias:9000058	Una Villa de la Provincia y Gobierno de Buenos Ayres , situada a orilla del río Paraná , y a la entrada del de Carcarañal .	
id_13982	Realejo			NI	P	Ciudad	12.544000	-87.166300		1786	1789	indias:2000672	Ciudad de la Provincia y Gobierno de Nicaragua en el Reyno de Guatemala , situada en un hermoso llano a la orilla Oriental de un río de su mismo nombre cerca de su salida al mar del Sur , 30 millas al NO de la Ciudad de León que es la Capital a quien sirve de Puerto, muy hermoso y capaz por la profundidad que tiene allí el río, llámase de la Concepción, y de la Posesión, y es uno de los que en Nueva España dicen de la otra Costa, donde pueden estar 200 embarcaciones: la Ciudad, que es pequeña, e...	
id_12961	Piedras			CO	P	Pueblo	5.948200	-75.435900		1786	1789	indias:5000772	Otro Pueblo llamado Valle de las Piedras del Gobierno y jurisdicción de Mérida en el Nuevo Reyno de Granada , es de clima templado, anexo al Curato del de Santo Domingo , produce mucho maíz y papas, ganado vacuno, yeguar y ovejuno, y sus naturales fabrican petacas y petaquillas de cuero labradas con primor, de que mantienen un buen comercio: tendrá solamente 50 vecinos.	
id_13653	San Juan de Quautlazinco			MX	P	Pueblo	19.087800	-98.272200		1786	1789	indias:1003188	Pueblo de la Cabecera de partido y Alcaldía mayor de Cholula en el mismo Reyno que los anteriores, tiene 132 familias de Indios, y está media legua al N de su Capital.	
id_08085	Santo Tomás Ixtlan			MX	P	Pueblo	17.330600	-96.487200		1786	1789	indias:1002231	Otro Pueblo hay de este nombre, con la advocación de Santo Tomás, Cabecera de partido de la Alcaldía mayor de Antequera en el mismo Reyno, y de la Provincia y Obispado de Oaxaca , es de temperamento templado, y tiene 500 familias de Indios exercitados en el cultivo de la grana, de que hacen su comercio: está 8 leguas al Oriente de la Capital.	
id_07466	San Luis Huari			PE	P	Pueblo	-9.094500	-77.329100		1786	1789	indias:6001023	Otro Pueblo hay del mismo nombre con la advocación de San Luis en la Provincia y Corregimiento de Conchucos en el mismo Reyno.	
id_12009	Paime			CO	P	Pueblo	5.370400	-74.152700		1786	1789	indias:5000483	Pueblo de la jurisdicción de Muzo y Corregimiento de Tunja en el Nuevo Reyno de Granada , tiene 150 vecinos que viven de sembrar y cultivar cañas dulces, algodón, y demás frutos de tierra caliente y templada.	
id_03290	Chacanora			PE	P	Pueblo	-7.197300	-78.425200		1786	1789		Pueblo de la Provincia y Corregimiento de Caxamarca en el mismo Reyno.	
id_04343	Colqui			BO	P	Pueblo	-17.392700	-67.125400		1786	1789	indias:8000446	Pueblo de la Provincia y Corregimiento de Cicasica en el Perú , anexo al Curato de Mohosa en la de Cochabamba .	
id_01510	Azozalco			MX	P	Pueblo Cabecera	18.512800	-99.660300		1786	1789	indias:1001457	Pueblo y Cabecera de Partido de la Alcaldía mayor y jurisdicción de Tasco , en Nueva España : Tiene 40 familias de Indios, y dista 3 leguas al SSE de su capital.	
id_16902a	Tula			MX	P	Pueblo Capital	20.054200	-99.341700		1786	1789	indias:1000110	La Capital es el Pueblo de su mismo nombre, de benigno temperamento, fértil y abundante en frutas, granos y semillas; tiene un Convento de Religiosos de San Francisco y 280 familias de Indios, sin otras muchas que lo habitan de Españoles, Mestizos y Mulatos ; es la Población más antigua de la Nueva España , fundada por los Tultecas: está 14 leguas al N, 1/4 al NO de México , en 274 gr. 10 min. de long. y en 20 gr. 9 min. de lat. los otros Pueblos de esta jurisdicción se reducen a Michimaloya ....	
id_12409	Pasca			CO	P	Pueblo	4.308800	-74.300100		1786	1789	indias:5000742	Pueblo Cabeza de partido del Corregimiento de este nombre en el Nuevo Reyno de Granada , es de temperamento benigno, abundante en frutos de tierra cálida y fria; pero muy sano: está 16 leguas al S de Santa Fe .	
id_00267	San Agustín			MX	P	Pueblo	16.401400	-97.807800		1786	1789	indias:1002431	Otro en la Cabecera de Partido de Pinoteca , y Alcaldía mayor de Xicayán : tiene 70 familias de Indios que comercian en grana, semillas y tabaco, y dista 4 leguas al N de su Cabecera.	
id_14655	Sangolica			MX	P	Pueblo	18.666100	-96.997200		1786	1789	indias:1004273	Pueblo de la Provincia y Alcaldía mayor de Oaxaca en Nueva España , situado cerca del de Jalapa .	
id_01921	San Bernardo Abad			CO	P	Pueblo	9.352900	-75.953900		1786	1789	indias:5000131	San BERNARDO, Abad) Pueblo de la Provincia y Gobierno de Cartagena , una de las nuevas poblaciones que fundó el año de 1776 D. Juan Pimienta, está cerca de la costa del mar, entre las puntas de piedras y de venados.	
id_16162	San Andrés de Teutalpan			MX	P	Pueblo Cabecera	20.026700	-97.696400		1786	1789	indias:1003774	Pueblo y Cabeza de partido de la Alcaldía mayor de Zacatlán en Nueva España , tiene 445 familias de Indios en que se incluyen los Pueblos de su distrito.	
id_03501	Chaulan			PE	P	Pueblo	-10.131500	-76.399300		1786	1789	indias:6001087	Pueblo de la Provincia y Corregimiento de Huanuco en el Perú , anexo al Curato de Huacar .	
id_17792	Xiutopantla			MX	P	Pueblo	17.711400	-98.841900		1786	1789	indias:1000843	Pueblo de la Cabeza de partido de Atengo y Alcaldía mayor de Chilapa en Nueva España , distante 2 leguas al O de su cabecera.	
id_00995	San Juan Bautista de Apaceo			MX	P	Pueblo Cabecera	20.545800	-100.686900		1786	1789	indias:1000649	Pueblo y Cabecera de Partido de la Alcaldía mayor de Zelaya , en la Provincia y Obispado de Mechoacán ; tiene 1.325 familias de Indios, y 200 de Españoles, Mestizos y Mulatos , y un Convento de Religiosos de San Francisco: el territorio de su_ jurisdicción es muy fértil y ameno, así logra abundantes cosechas de frutos y delicadas frutas en la Huerta, especialmente las ubas que son muy estimadas por su delicadeza; dista 4 leguas al E de su Cabecera.	
id_10120	Mencopa			AR	P	Pueblo	-27.027200	-65.195900		1786	1789	indias:9000601	Pueblo de la Provincia y Gobierno del Tucumán en el Perú , del distrito y jurisdicción de la Capital , situado al SSE de ella.	
id_16181	Texocotla			MX	P	Pueblo	17.533800	-98.913100		1786	1789		Pueblo de la Cabeza de partido de Atlistac y Alcaldía mayor de Tlapa en Nueva España , tiene 24 familias de Indios.	
id_12588	Pedregal			VE	P	Pueblo	11.021700	-70.120800		1786	1789	indias:4000088	Otro Pueblo hay del mismo nombre en la Provincia y Gobierno de Venezuela del propio Reyno que el anterior, situado al S, 1/4 al O de la Ciudad de Coro , entre los ríos Seco y Tamayo .	
id_17147	Urcusa			PE	P	Pueblo	-14.480600	-74.633400		1786	1789	indias:6000513	Pueblo de la Provincia y Corregimiento de Lucanas en el Perú , anexo al Curato del de Otoca .	
id_09147	San Lucas			MX	P	Pueblo	18.588300	-100.787200		1786	1789	indias:1001999	Otro de la Cabecera y Alcaldía mayor de Guimeo en el mismo Reyno tiene 72 familias de Indios, y es anexo al Curato de Pungaravato .	
id_16010	Teotepec			MX	P	Pueblo Cabecera	20.283600	-103.429400		1786	1789	indias:1000551	Pueblo y Cabeza de partido de la Alcaldía mayor de Zayula en Nueva España , es de templado temperamento y muy sano, tiene 50 familias de Mestizos y Mulatos y 200 de Indios que solo tratan en trigo y algún ganado mayor; a la parte de Oriente tiene la gran laguna o mar de Chapala y un Convento de Religiosos de San Francisco que es la Parroquia: dista 15 leguas entre N y Oriente de su Capital.	
id_13914	Ramadilla			CL	P	Pueblo	-28.140000	-69.765300		1786	1789	indias:7000075	Pueblo de la Provincia y Corregimiento de Copiapó en el Reyno de Chile , situado cerca de la Capital, y a la falda de un cerro o monte célebre llamado el Bramador .	
id_08388	San Juan Evangelista			MX	P	Pueblo	19.678400	-98.872000		1786	1789		Otro también con el aditamento de Evangelista en la Cabecera de partido y Alcaldía mayor de Teotihuacán en el mismo Reyno, distante un quarto de legua al Poniente de su Capital.	crm:P189_approximates
id_01691	Santa Barbara			MX	P	Pueblo	19.098300	-98.307200		1786	1789	indias:1003178	Otro de la cabecera y Alcaldía mayor de Cholula , en el mismo Reyno; tiene 36 familias de Indios y está un quarto de legua al N de su Capital.	
id_11324	Ogoro			PE	P	Pueblo	-12.336500	-74.724400		1786	1789	indias:6000686	Pueblo de la Provincia y Corregimiento de Guanta en el Perú , anexo al Curato de Colcabamba .	
id_01399	San Miguel de Atlatitla			MX	P	Pueblo Cabecera	19.027200	-98.780600		1786	1789	indias:1000742	Pueblo y Cabecera de Partido de la Alcaldía mayor de Chalco , en Nueva España : tiene 181 familias, y un Convento de Religiosos de Santo Domingo: está 5 leguas al S 1/4, al SO de su Capital.	
id_12714	Peñas			BO	P	Pueblo	-18.692300	-66.758400		1786	1789	indias:9900552	Pueblo de la Provincia y Corregimiento de Paria en el Perú , situado al E de la Capital.	
id_03783	Chiqulligasta			AR	P	Pueblo	-27.346000	-65.593100		1786	1789	indias:9000117	Pueblo de la Provincia y Gobierno del Tucumán en el distrito de su Capital, situado al SE de ella.	
id_03622	Chichimequilla			MX	P	Pueblo	19.424200	-100.364200		1786	1789	indias:1002146	Pueblo de la Cabecera de Zitaquaro y Alcaldía mayor de Maravatio en el Obispado de Mechoacán y Reyno de Nueva España : tiene 84 familias de Indios, y está un quarto de legua al S de su Cabecera.	
id_00332	Santa María de Aiocuesco			MX	P	Pueblo Cabecera	16.676700	-96.841700		1786	1789	indias:1002219	Pueblo y Cabecera de Partido de la Alcaldía mayor de Antequera , en la Provincia y Obispado de Mechoacán , en Nueva España ; es de temperamento cálido, tiene un Convento de Religiosos de Santo Domingo, y 400 familias de Indios, que hacen algún comercio de la grana que cultivan, y mucho de la fá brica de Pulques, por la abundancia de Magueyes que tienen; está 7 leguas al S de su Capital.	
id_10355	Mindo			EC	P	Pueblo	-0.050500	-78.778800		1786	1789	indias:5600066	Pueblo del Corregimiento y Reyno de Quito en el distrito de la Jurisdicción de las cinco leguas.	
id_03257	Cercado			PE	A	Provincia	-12.007700	-76.922600		1786	1789	indias:JUPELICL	Provincia y Corregimiento del Perú: confina por el N con la de Chancay , por el NE con la de Canta , por el E con la de Huarochiri , por el S con la de Cañete , y por el O con el mar del S : tiene de largo 13 leguas N S, y 8 de ancho por donde más: es de temperamento muy templado y benigno; pero algo enferma: no experimenta tempestades ni vientos fuertes; pero sí frequentes y grandes terremotos; solo llueve en el invierno una menuda lluvia que llaman garúa, por lo qual no tienen texados las casa...	crm:P189_approximates
id_03289	Chacamarca			PE	P	Pueblo	-13.450100	-73.955200		1786	1789	indias:6000439	Pueblo de la Provincia y Corregimiento de Vilcas Huaman en el Perú .	
id_05726	Enfield			US	P	Pueblo	45.248900	-68.568400		1786	1789	gn:4963801	Pueblo de los Ingleses en la Provincia de Massachusets , una de las de la Nueva Inglaterra , situado a orilla del río Connecticut , y al S de la Ciudad de Springfield .	crm:P189_approximates
id_16583	Santiago de Tolu			CO	P	Villa	9.524000	-75.584000		1786	1789	indias:5000026	Villa de la Provincia y Gobierno de Cartagena en el Nuevo Reyno de Granada , fundada por Pedro de Heredia el año de 1534, es de temperamento muy cálido, pero sano, abundante y fértil en granos y frutos, especialmente de maíz y de unos árboles cuya resina es el bálsamo tan celebrado de Tolú, y que tiene tanto crédito y estimación para curar heridas, por lo qual es un ramo considerable de comercio; ha sido saqueada esta Villa diferentes veces por los piratas Ingleses y Franceses, está 6 leguas de ...	
id_13227	Plato			CO	P	Pueblo	9.791700	-74.783700		1786	1789	indias:5000634	Pueblo de la Provincia y Gobierno de Santa Marta en el Nuevo Reyno de Granada , situado a orilla del río grande de la Magdalena , y al S de la Villa de Tenerife .	
id_04779	San Felipe de Cozolcaque			MX	P	Pueblo	17.995300	-94.636900		1786	1789	indias:1004151	Pueblo de la Cabecera de Tenantitlán y Alcaldía mayor de Acayuca en Nueva España : tiene 51 familias de Indios, y está 10 leguas al E 1/4 al SE de su Cabecera.	
id_14629	Saña			PE	A	Provincia	-6.704300	-79.811300		1786	1789	indias:JUPETRSA	Provincia y Corregimiento del Perú en el Obispado de Truxillo , confina por el E con la de Caxamarca , por el NE con la misma en el partido de Guambos , por el N y NO con la de Piura , y por el O con el mar del Sur ; tiene de largo 25 leguas SE NO, y 14 de ancho; fue en otro tiempo muy poblada, y tan abundante de frutos, que se cargaban en el Puerto de Cherrepe muchos navíos para Panamá , Guayaquil , Callao y Chile , fuera de lo que internaba a las Provincias confinantes; su temperamento es beni...	crm:P189_approximates
id_05783	Esmeraldas			EC	A	Provincia	0.319500	-79.225300		1786	1789	indias:PRQUES00	Provincia y Gobierno del Reyno de Quito , situada entre las dos jurisdicciones de Guayaquil y de Barbacoas en la Costa de la mar del Sur , confina con la de Popayán por el Pueblo de Usmál , que es la línea divisoria que por el S la separa del distrito de Guayaquil , por el O con las de Quito y Ibarra : tiene 56 leguas de largo, goza de diferentes temperamentos, y es muy fértil y abundante de toda especie de frutos, siendo los principales de que hace comercio cera, copal, bálsamos, brea, pita, ba...	crm:P189_approximates
id_08108	Izucar			MX	A	Jurisdicción	18.617700	-98.452000		1786	1789	indias:JUNEPUIZ	Jurisdicción y Alcaldía mayor de Nueva España, es por la mayor parte de terreno montuoso, áspero y estéril, y solo produce cortas cosechas de granos y semillas; era antes más reducida, y por su escasez se agregaron a su jurisdicción las de Aguatlán y Teopantlan , que son muy pobres: sin embargo tiene suficiente población en los Pueblos siguientes. San Lucas de Culucan . Santa María de la Asunción . San Martín de Alchichica . S. Juan de Epatlán . Tepexoxuma . Tepapayeca . Chietlán . S....	crm:P189_approximates
id_16427	Tizapan Alto			MX	P	Pueblo	20.158300	-103.043300		1786	1789	indias:1000562	Otro en la misma Alcaldía mayor y Reyno de la Cabeza de partido de Tecocuitlán con el sobrenombre del Alto para distinguirlo del anterior tiene 30 familias de Indios todos de oficio texedores, y está 12 leguas al N de su Capital.	
id_17682	Xacapixtla			MX	P	Pueblo Cabecera	18.881100	-98.865400		1786	1789	indias:1000975	Pueblo y Cabeza de partido de la Alcaldía mayor de Cuernavaca en Nueva España , tiene 338 familias de Españoles, y 50 de Indios, inclusos los que habitan otros tres Pueblos de su jurisdición; hay en él un Convento de Religiosos Agustinos en que se venera una Imagen de San Juan Baptista pintada en lienzo, en la que no há muchos años sucedió el prodigio de que habiéndole caido un rayo, teniendo la vista inclinada al cordero le hizo levantar la cabeza al cielo, con cuyo movimiento el resplandor dor...	
id_12629	San Pedro			MX	P	Pueblo	28.070700	-105.785400		1786	1789	indias:1005157	Otro que es Real de Minas de Plata de la Provincia de Taraumara y Reyno de la Nueva Vizcaya , situado a la orilla de un río que entra en el de Conchos , está 120 leguas de la Capital Guadiana , en 261 gr. 5 min. de long. y 29 gr. 11 min. de lat.	
id_07228	San Hipolito			MX	P	Pueblo	19.119200	-97.708300		1786	1789	indias:1003563	Otro Pueblo hay del mismo nombre de la Cabecera de Tlalchicomula y Alcaldía mayor que el antecedente en aquel Reyno, situado en una loma, tiene 83 familias de Indios Otomies, y esta 8 leguas al NE 1/4 al E de la Capital.	
id_18006	San Bartolomé Yautepec			MX	P	Pueblo	16.428300	-95.973600		1786	1789	indias:1002609	Otro Pueblo hay de este nombre con la advocación de San Bartolomé que es Cabeza del partido y Alcaldía mayor de Nexapa en el mismo Reyno que el anterior, de temperamento cálido, situado en un llano y habitado de 45 familias de Indios que se exercitan en el beneficio de la caña dulce para hacer azúcar de piloncillo; en su distrito hay varias huertas que con el beneficio de las aguas de un río que pasa por delante del Pueblo producen muchas frutas del país, comprende este partido 8 Pueblos.	
id_17668	Woburne			US	P	Ciudad	42.479300	-71.152300		1786	1789	gn:4956032	Ciudad del Condado de Middlesex y Bahía de Massachusets , entre Medford y Wilminham , 10 millas al N de Cambridge , y 7 al NE de Lenxington .	crm:P189_approximates
id_16440	Tlacolula			MX	P	Pueblo	19.666700	-97.001700		1786	1789	indias:1004301	Otro Cabeza de partido de la Alcaldía mayor de Xalapa , situado en terreno áspero y quebrado, entre dos cerros muy grandes, es de temperamento frío y seco; sus naturales hablan el idioma Totonaque, aunque los Pueblos son del Mexicano, y el de éste significa lugar donde se escribe, porque en tiempo de la gentilidad estaba destinado para escribir los Indios sus historias con aquellos caracteres y figuras que usaban: su vecindario se compone de 22 familias de Indios que comercian en maíz, tabaco y ...	
id_11765	Candelaria Masagua			SV	P	Pueblo	13.637600	-89.376900		1786	1789	indias:2000441	Otro con la advocación de la Candelaria en la Provincia y Corregimiento de Santa Ana en el mismo Reyno, anexo al Curato de San Esteban de Texistepeque .	
id_16475	Tlamahuazapa			MX	P	Pueblo	18.495300	-99.500000		1786	1789	indias:1001475	Pueblo de la Cabeza de partido y Alcaldía mayor de Tlasco , tiene 90 familias de Indios, y está 5 leguas al E de su Capital.	
id_13933	Ranchos			AR	P	Pueblo	-32.025800	-63.549100		1786	1789		Pueblo de la Provincia y Gobierno del Tucumán en el Perú , y de la jurisdicción de la Ciudad de Córdoba , está situado a la falda de la montaña nevada, entre los ríos segundo y tercero.	
id_13421	Presto			BO	P	Pueblo	-18.929900	-64.937700		1786	1789	indias:8000064	Pueblo de la Provincia y Corregimiento de Tomina en el Perú .	
id_15556	Taganga			CO	P	Pueblo	11.268200	-74.190800		1786	1789	indias:5000378	Pueblo de la Provincia y Gobierno de Santa Marta y Nuevo Reyno de Granada , está antes de llegar a la punta de la Abuja en una Bahía de su nombre, es de clima cálido, se gobierna por un Cazique Señor de él, antes era muy poblado.	
id_18153	Zaila			PE	P	Pueblo	-15.320400	-73.220700		1786	1789	indias:6000566	Pueblo de la Provincia y Corregimiento de Parinacochas en el Perú .	
id_05522	Pueblo Nuevo de los Dolores			MX	P	Pueblo	21.157400	-100.932900		1786	1789	indias:1004856	en la Alcaldía mayor de San Miguel el Grande de la Provincia y Obispado de Mechoacán en Nueva España , se fundó el año de 1717 de una Congregación que con este título habia en la Villa de San Felipe , tiene 200 familias de Españoles Mestizos y Mulatos .	
id_11141	Nochiztlan			MX	P	Pueblo	21.360600	-102.845600		1786	1789	indias:1004610	Tiene el mismo nombre otro Pueblo de la Cabezera de Partido y Alcaldía mayor de Cuquio en el mismo Reyno: es de muy crecido vecindario, y está 12 leguas al N quarta al NE de él.	
id_04156	Cobre			CU	P	Pueblo	20.050600	-75.946000		1786	1789	indias:3000261	Otro Pueblo hay de este nombre en la Isla de Cuba en la Costa Meridional.	
id_04432	Concepcion			AR	P	Pueblo	-29.553900	-63.041700		1786	1789	indias:9000231	Otro de la Provincia y Gobierno del Tucumán en el Perú , y del distrito del Chaco , reducción de Indios Abipones, de la Misión que tenían los Regulares de la Compañía, y está hoy al cargo de los Religiosos de San Francisco.	crm:P189_approximates
id_05309	Charcas			BO	A	Provincia	-19.220200	-65.379300		1786	1789	indias:AUCC0000	Provincia dilatada del Reyno del Perú compuesta de otras varias, cuya jurisdicción comprehende el distrito de esta Real Audiencia, que empieza en Vilcanota del Corregimiento de Lampa y Obispado del Cuzco , y llega hasta Buenos-Ayres por la parte del Sur : confina por el Oriente con el Brasil , sirviéndole de términos el Meridiano de demarcación, y por el Occidente llega hasta la mar del Sur por el Corregimiento de Atacama , que es de su distrito, y lo más Septentrional de ella por aquella parte,...	crm:P189_approximates
id_03771	Chipalzingo			MX	P	Pueblo Cabecera	17.551400	-99.500800		1786	1789	indias:1001681	Pueblo y Cabecera de Partido de la Alcaldía mayor de Tixtlan en Nueva España : tiene 353 familias de Indios y 22 de Españoles, Mulatos y Mestizos , y está 3 leguas del de Zumpango .	
id_10671	Santiago de Moscari			BO	P	Pueblo	-18.362800	-66.015100		1786	1789	indias:8000159	Pueblo de la Provincia y Corregimiento de Chayanta o Charcas en el mismo Reyno que el anterior.	crm:P189_approximates
id_17456	Viluya			PE	P	Pueblo	-5.963500	-77.801200		1786	1789	indias:6001304	Pueblo de la Provincia y Corregimiento de Chachapoyas en el Perú , anexo al Curato del de Chiliquin .	
id_13554	San Juan de la Punta			MX	P	Pueblo	18.811400	-96.720000		1786	1789	indias:1004180	Pueblo de la Cabecera de partido de Huatuzco y Alcaldía mayor de Córdoba en Nueva España , tiene 26 familias de Indios, y en algunos ranchos de su inmediación asisten 10 de Españoles, 7 de Mestizos y 8 de Mulatos, dista 5 leguas al ESE de su Capital.	
id_05639a	San Christóval Ecatepec			MX	P	Pueblo	19.609700	-99.060000		1786	1789	indias:1000087	La Capital tiene el mismo nombre con la advocación de San Christoval, situado a orilla de una laguna también llamada así, que en lengua mexicana significa cerro del ayre, por estar al pie de uno donde continuamente soplan vientos recios: tiene una calzada muy antigua, que después se ha renovado, y sirve para el transito, y al mismo tiempo de muralla, que divide las aguas de su laguna de las de Tezcuco , para recoger en ella todas las de las lluvias y arroyos, a fin de que no rebose la otra y cau...	
id_06716	Guamanzana			PE	P	Pueblo	-8.500600	-78.493600		1786	1789	indias:6001490	Pueblo de la Provincia y Corregimiento de Truxillo en el Perú , situado cerca del río Morin y del cerro de Pelagatos .	
id_00200	Agua caliente			GT	P	Pueblo	14.556200	-90.780700		1786	1789	indias:2000412	Pueblo de la Provincia y Alcaldía mayor de en el Reyno de Goatemala .	
id_00564	San Christóbal de Amatitlan			GT	P	Pueblo	14.404600	-90.696800		1786	1789	indias:2000214	Pueblo del Reyno de Goatemala , situado en el valle de Mixto o de Pinola. En lenga Mexicana significa Ciudad de letras, porque en ella acostumbraban sus naturales grabar en cortezas de árboles, y enviarlas a gran distancia. Tiene unos baños excelentes medicinales, muy acreditados para curar varias enfermedades. Hace gran comercio de la sal que se coge todas las mañanas de la orilla de una laguna que purifican....	
id_14628	Sampues			CO	P	Pueblo	9.181800	-75.377700		1786	1789	indias:5000119	Pueblo de la Provincia y Gobierno de Cartagena en el Nuevo Reyno de Granada , situado en las Sabanas , y en el camino real que va a la Capital.	
id_10836	Naiguada			VE	P	Pueblo	10.616400	-66.738300		1786	1789	indias:4000050	Pueblo de la Provincia y Gobierno de Venezuela de el Nuevo Reyno de Granada , situado en la Costa al E de la Ciudad de Caracas .	
id_01360	Atemaxaque			MX	P	Pueblo	20.138900	-103.727500		1786	1789	indias:1000541	Pueblo de la Cabecera de Partido de Amaqueca , y Alcaldía mayor de Zayula , en Nueva España , situado a la falda de un cerro, es de temperamento frío, y tiene 112 familias de Indios, que comercian en los cortes de madera: está 6 leguas de su Cabecera.	
id_17828	Xuchaltengo			MX	P	Pueblo	16.340300	-97.086700		1786	1789	indias:1002446	Pueblo de la Cabeza de partido de Juquila y Alcaldía mayor de Xicayán en Nueva España , tiene 60 familias de Indios, 20 de Mestizos y Mulatos que se ocupan en el beneficio y comercio de grana, tabaco y algodón, está 35 leguas al N de su Capital.	
id_08727	Lancha			PE	P	Pueblo	-10.868700	-76.973900		1786	1789	indias:6000988	Pueblo de la Provincia y Corregimiento de Caxatambo en el Perú , anexo al Curato de Andajes .	
id_05214	San Antonio de los Altos			VE	P	Pueblo	10.374300	-66.959300		1786	1789	indias:4000193	Otro con el aditamento de los Altos, situado en la inmediación de la Ciudad de Caracas ; sus montes abundan de exquisitas maderas, y de maíz.	
id_16950	Tunillaa			AR	S	Fuerte	-33.692200	-62.460100		1786	1789	indias:9000631	Fuerte de la Provincia y Gobierno del Tucumán en el Perú , construido para contener las incursiones de los Indios infieles.	crm:P189_approximates
id_08067	Ixtapa			MX	P	Pueblo	18.713300	-97.457200		1786	1789	indias:1003544	Pueblo de la Cabecera de partido de Palmar y Alcaldía mayor de Tepeaca en Nueva España , tiene 4 familias de Españoles, otras tantas de Mestizos, y 18 de Indios, y a distancia de 4 leguas un molino de agua para moler trigo, y en su inmediación un rancho de ganado menor, y tres haciendas de labor: está 4 leguas de su Cabecera.	
id_04349	Comala			MX	P	Pueblo	18.154700	-99.068600		1786	1789	indias:1000822	Pueblo de la Cabecera de Atengo y Alcaldía mayor de Chilapa en Nueva España : tiene 27 familias de Indios, y está 2 leguas al N de su Cabecera.	
id_18306	San Juan de Zitaquaro			MX	P	Pueblo Cabecera	19.437500	-100.358600		1786	1789	indias:1000147	Pueblo y Cabeza de partido de la Alcaldía mayor de Maravatio en la Provincia y Obispado de Mechoacán , situado en unas altas montañas pobladas de crecidos pinos y de otras maderas apreciables: es de temperamento templado, y así en su distrito abunda el trigo, maíz, frixoles y otras semillas; tiene un Convento de Religiosos de San Francisco; más de 150 familias de Españoles, Mestizos y Mulatos , y 115 de Indios: en su distrito hay, en un parage llamado Purua , una fuente de raras qualidades, sien...	
id_01852	Belen			BO	P	Pueblo	-19.862800	-65.540100		1786	1789	indias:8000660	Otro hay del mismo nombre, en la Provincia y Corregimiento de Porco , también del Arzobispado de Charcas y Reyno del Perú : tiene ún célebre Santuario, donde por Octubre concurre gran número de gentes a visitarlo.	
id_10690	Motauita			CO	P	Pueblo	5.577400	-73.364800		1786	1789	indias:5000494	Pueblo de la Provincia y Corregimiento de Tunja en el Nuevo Reyno de Granada : es de temperamento muy frío, y produce trigo, maíz, papas, y cebada, tiene 50. vecinos y otros tantos Indios, y dista algo menos de una legua de su Capital.	
id_13651	Quauilotlatzala			MX	P	Pueblo	17.339400	-98.601900		1786	1789	indias:1003709	Pueblo de la Cabeza de partido y Alcaldía mayor de Tlapa en Nueva España , tiene 55 familias de Indios Mexicanos que se emplean en cultivar semillas, grana y algodón.	
id_13546	Puni			EC	P	Pueblo	-1.765300	-78.656600		1786	1789	indias:5600261	Pueblo de la Provincia y Corregimiento de Riobamba en el Reyno de Quito .	
id_13170	Pitantora			BO	P	Pueblo	-18.696200	-65.629200		1786	1789	indias:8000155	Pueblo de la Provincia y Corregimiento de Chayanta o Charcas en el Perú .	
id_03441	Chaqui			PE	P	Pueblo	-11.552600	-76.625300		1786	1789	indias:6000764	Pueblo de la Provincia y Corregimiento de Canta en el Perú , anexo al Curato de su Capital.	
id_17936	Yani			BO	P	Pueblo	-17.214600	-66.655400		1786	1789	indias:8000088	Pueblo de la Provincia y Corregimiento de Cochabamba en el Perú .	
id_06254	San Gabriel			MX	P	Pueblo	18.756700	-97.701900		1786	1789	indias:1003571	También le tiene un Pueblo de la Cabecera de Tlacotepec y Alcaldía mayor de Tepeaca en Nueva España , tiene 11 familias de Indios, y dista 2 leguas de su Cabecera.	
id_16434	San Mateo de Tlachichilpa			MX	P	Pueblo Cabecera	19.343900	-99.755800		1786	1789	indias:1001195	Pueblo y Cabeza de partido de la Alcaldía mayor de Metepec en el mismo Reyno, tiene 1140 familias de Indios.	
id_13325	Porco			BO	P	Pueblo	-19.798900	-65.988800		1786	1789	indias:8000170	Tiene el mismo nombre un Pueblo de esta propia Provincia y Corregimiento .	
id_12234	Gran Pará			BR	A	Provincia	-2.069600	-51.829400		1786	1789		Provincia y Capitanía del Reyno del Brasil , confina por el Poniente con una gran Bahía formada por el mar Atlántico a la entrada del río de las Amazonas , por Levante con la Provincia y Capitanía de Marañan , de quien la divide el río Maracú ; por el Mediodía con las naciones infieles de Indios Pacaxos y Parainabas, y por el N con el mar Atlántico ; la riega un río del mismo nombre, que la atraviesa, y sale al mar en la Bahía referida; es muy fértil de cañas dulces, de que fabrican mucha azúcar...	crm:P189_approximates
id_07487	Huasta			PE	P	Pueblo	-10.124000	-77.146400		1786	1789	indias:6000980	Pueblo de la Provincia y Corregimiento de Caxatambo en el Perú , anexo al Curato de Chiquian .	
id_06519	Grande			BR	H	Rio	-29.952100	-51.303500		1786	1789		Otro de la Provincia y Capitanía del Rey en el mismo Reyno confinante con el Paraguay corre al E, y forma la gran laguna de los Patos , a sus orillas tienen varios fuertes los Españoles y los Portugueses.	crm:P189_approximates
id_14764	Sapotlan			MX	P	Pueblo	20.622200	-103.068300		1786	1789	indias:1000587	Otro de la Cabeza de partido y Alcaldía mayor de Tecpatitlán en el mismo Reyno y Obispado que el anterior, situado 9 leguas de su Capital hacia Poniente y 8 de la Provincia de Guadalaxara .	
id_15555	Taensas			US	L	Nación	31.934300	-91.423400		1786	1789		Pueblo de Indios de la Provincia y Gobierno de la Luisiana , situado a orilla del río Misisipi , enfrente de las ruinas del fuerte de Rosalia .	crm:P189_approximates
id_03669	Chilca			PE	P	Pueblo	-12.521100	-76.737200		1786	1789	indias:6000696	Pueblo de la Provincia y Corregimiento de Cañete en el Perú , con un pequeño Puerto, pero cómodo y seguro: produce mucho salitre, que llevan sus naturales a vender a Lima para las fábricas de pólvora, por cuya razón la mayor parte son arrieros: en su inmediación se ven algunos vestigios de fábricas magníficas de los Incas del Perú : el nombre de Chuca le dan los Indios del Reyno los de Quito a un arbolillo o arbusto que nace en los climas cálidos, y sirve mucho para hacer con sus cenizas lexía p...	
id_15974	Tenango			MX	P	Pueblo	16.904700	-92.261400		1786	1789	indias:2000108	Otro de la Provincia y Alcaldía mayor de Zedales en el Reyno de Guatemala .	
id_11053	Nextlalpan			MX	P	Pueblo	20.150000	-99.387500		1786	1789	indias:1001726	Pueblo de la Alcaldía mayor de Tula en Nueva España , anexo al Curato de este, de donde dista una legua al N: tiene 143 familias de Indios.	
id_17769	Xilitla			MX	P	Pueblo	21.386100	-98.990300		1786	1789	indias:1003847	Pueblo de la Cabecera de partido de Tamazunchale y Provincia y Alcaldía mayor de Valles en Nueva España , situado en lo más alto de una elevada sierra en que viven unidos muchos Indios Mexicanos, Pames, Othomies y Mecos, casi como gentiles, pues no tienen más Sacramento que el Baptismo y el Matrimonio, está 32 leguas de su cabecera principal, de unos caminos inaccesibles por las quebradas y serranías ásperas que tiene.	
id_15668	Tamoin			MX	P	Pueblo	22.003300	-98.778900		1786	1789	indias:1003843	Pueblo de la misma jurisdicción y Alcaldía mayor que el anterior, fundado a orilla de un río en un espacioso llano, es de temperamento cálido, abundante de árboles frutales, como de maíz y otras legumbres de que se mantienen sus naturales, como de hacer esteras de junco, cestas y otros utensilios de él, en que pagan los tributos y obvenciones; tiene un Convento de Religiosos de San Francisco y 109 familias de Indios Guastecos tan valerosos que sin auxilio de otra tropa se han defendido siempre d...	
id_04054	Cisne			EC	P	Pueblo	-3.851100	-79.426200		1786	1789	indias:5600145	Pueblo de la Provincia y Corregimiento de Loxa en el Reyno de Quito .	
id_15048	Sibirijoa			MX	P	Pueblo	26.185400	-108.731800		1786	1789	indias:9900831	Pueblo de la Provincia de Cinaloa y Real de Minas de plata en otro tiempo, que hoy no se trabajan por falta de operarios sino muy poco, está situado a orilla del caudaloso río del Fuerte .	
id_08089	Ixutlan			MX	P	Pueblo Cabecera	19.905600	-104.162500		1786	1789	indias:1000425	Pueblo y Cabecera de partido de la Alcaldía mayor de Autlán en Nueva España , tiene 160 familias de Indios.	
id_14722	Santiago			MX	P	Pueblo	16.939700	-92.714400		1786	1789	indias:2000094	Otro de la Provincia y Alcaldía mayor de Chiapa en el Reyno de Guatemala .	
id_06825	Guarachita			MX	P	Pueblo	19.945800	-102.555000		1786	1789	indias:1002120	Pueblo de la Cabecera de Zanguio y Alcaldía mayor de Zamora en Nueva España , situado en un llano cenagoso, es de temperamento templado, y tiene 11 familias de Indios: esta 5 leguas al Poniente de su Cabecera.	
id_17120	Upar			CO	T	Valle	10.446100	-73.267700		1786	1789		Valle hermoso y dilatado de la Provincia y Gobierno de Santa Marta en el Nuevo Reyno de Granada , lo descubrió Gonzalo Ximénez de Quesada el año de 1535, lo atraviesa del N al Mediodía y lo fertiliza el río César , es de temperamento cálido, y produce mucha caña dulce y todo género de frutos de Europa y de América ; está suficientemente poblado, en los montes de su inmediación hay minas de plata, cobre, fierro y plomo, tiene más de 40 leguas de largo N S, y 16 de ancho de Levante a Poniente.	crm:P189_approximates
id_08422	San Juan			PA	P	Pueblo	9.266500	-79.573000		1786	1789	indias:9900938	Otro del Gobierno y jurisdicción de Portobelo en la Provincia y Reyno de Tierra-Firme , situado entre los ríos Chagre y Pequení .	crm:P189_approximates
id_04888	Cuba			CU	T	Isla	21.520700	-78.214100		1786	1789		Isla grande de la mar del N y la mayor de las Antillas , situada a la boca o entrada del Seno Mexicano : tiene 235 leguas de largo de Oriente a Poniente desde el Cabo de S. Antonio hasta la Punta de Maizi , y 45 en su mayor anchura, y 14 por donde más se estrecha: tiene la Florida y las Islas Lucayas al N, la Isla de Santo Domingo al Poniente, la de Jamayca y el Continente Meridional al Mediodía, y el Golfo o Seno Mexicano a Levante: está entre 20 grad. de lat. sept....	crm:P189_approximates
id_01851	Belen			BO	P	Pueblo	-18.817900	-67.641100		1786	1789	indias:8000327	Pueblo de la Provincia y Corregimiento de Carangas , en el Perú , del Arzobispado de Charcas , anexo del Curato del de Andamarca .	
id_15670	Tampagan			MX	P	Pueblo	21.413600	-98.737600		1786	1789	indias:1005466	Pueblo de la jurisdicción y Provincia y Alcaldía mayor de Valles en Nueva España , situado al pie de una sierra inaccesible por su altura, produce bastante maíz, algodón de que texen sus vestidos, y cañas dulces con que fabrican azúcar de piloncillo; es anexo al Curato del de Tampamolon , tiene 55 familias de Indios, y está 25 leguas de su Capital.	
id_14998	Servita			CO	P	Pueblo	6.818500	-72.697900		1786	1789	indias:5000057	Pueblo de la Provincia de Muzo y Gobierno de Pamplona en el Nuevo Reyno de Granada , Cabeza de Corregimiento, es de temperamento frío, pero sano, alegre y ameno; tiene muy buenas y abundantes aguas; su territorio es sumamente fértil, y goza de todos temples cálidos y fríos; produce mucho trigo de excelente calidad, mucha caña dulce, maíz, turmas, habas, alberjas, repollos, cebollas y demás legumbres y plátanos, infinito ganado vacuno y cabrío; tiene 400 vecinos blancos y 200 Indios: está 24 legu...	crm:P189_approximates
id_18338	Zuatlan			MX	P	Pueblo Cabecera	21.031100	-104.430300		1786	1789	indias:1000419	Pueblo y Cabeza de partido de la Alcaldía mayor de Xala en Nueva España , es de temperamento frío, anexo al Curato del de Yxtlán , tiene 25 familias de Indios que comercian en semillas y frijoles, está 3 leguas entre Poniente y S de su Capital.	
id_11268	Santiago de Numaran			MX	P	Pueblo	20.255300	-101.947800		1786	1789	indias:1001939	Pueblo de la Cabeza de Partido de Puruandiro y Alcaldía mayor de Valladolid en la Provincia y Obispado de Mechoacán , situado a orilla del río Patiquato en una llanura: es anexo al Curato de Penxamo en la Jurisdicción de la Villa de León : tiene 10 familias de Españoles, y 90. Indios: está 28 leguas de Pasquaro .	
id_11660	Oumas			US	L	Nación	31.137000	-91.470600		1786	1789		Nación bárbara de Indios de la Nueva Francia o Canadá: habita dos leguas distante del parage en que se divide el río Misisipi : sus naturales son muy aféctos a los Franceses.	crm:P189_approximates
id_02365	Cacagual			CO	P	Pueblo	8.935900	-75.862700		1786	1789		Pueblo de la Provincia y Gobierno de Cartagena en el partido del Zinú , situado a la orilla del Río de este nombre.	crm:P189_approximates
id_08838	Lerma			MX	P	Pueblo	19.805300	-90.583600		1786	1789	indias:1004364	Tiene el mismo nombre un Pueblo de la Provincia y Gobierno de Yucatán , situado en la Costa, a orilla de una caleta que le da el nombre defendida por un castillo que guarnece un destacamento de la Ciudad de Campeche .	
id_16924	San Luis de Tumbaden			PE	P	Pueblo	-7.025000	-78.739800		1786	1789	indias:6001260	Pueblo de la Provincia y Corregimiento de Caxamarca en el Perú , anexo al Curato del de Chalique .	
id_03605	San Andrés de Chicahuaztla			MX	P	Pueblo Cabecera	17.155600	-97.838300		1786	1789	indias:1002773	Pueblo y Cabecera de la Alcaldía mayor de Tepozcolula en la Provincia y Obispado de Oaxaca Reyno de Nueva España : es de temperamento frío, habitado de 332 familias de Indios, con los Pueblos o barrios de su distrito; y se mantienen del comercio que hacen de sus texidos de algodón a cambio de sal en la Costa de Xicayán : está 1 leguas entre Poniente y S de su Capital.	
id_12090	San Lucas de las Palmillas			MX	P	Pueblo	19.303900	-98.478100		1786	1789	indias:1003348	Pueblo de la Cabecera de partido y Alcaldía mayor de Guejozinco en Nueva España , tiene 77 familias de Indios, y está al O de su Capital.	
id_16555	Tocuyo			VE	P	Pueblo	10.039600	-65.258600		1786	1789	indias:4000333	Otro Pueblo hay del mismo nombre en la Provincia de Barcelona y Gobierno de Cumaná , situado en la Costa al O del río Unare .	crm:P189_approximates
id_12050	Pallahua			PE	P	Pueblo	-17.732900	-70.034200		1786	1789	indias:6000042	Pueblo de la Provincia y Corregimiento de Arica en el Perú , anexo al Curato de Tacna .	
id_03654	San Felipe de Chiguagua			MX	P	Villa	28.654300	-106.083900		1786	1789	indias:1000003	Villa de la Provincia de Taraumara y Reyno de la Nueva Vizcaya , situada cerca del río de San Pedro : tiene de vecindario más de 2.000 familias de Españoles y algunas de Mestizos y Mulatos : es población grande, bien dispuesta y de hermosos edificios, entré los quaies sobresalen la Iglesia Parroquial, el Colegio que era de los Regulares de la Compañía, y el Convento de San Francisco: goza de un temperamento muy templado, y su principal comercio es de plata, por la riqueza de sus minas, haciéndol...	
id_04831	Santa Cruz			MX	P	Pueblo	18.147800	-96.835600		1786	1789	indias:1002690	Otro de la Cabecera de Huehuetlán y Alcaldía mayor de Cuicatlán en Nueva España , situado en la medianía de un cerro, con 72 familias de Indios aplicados al cultivo y comercio de salitre y grana: está 3 leguas al S de su Cabecera.	
id_09506	Mamos			CO	P	Pueblo	0.462800	-76.500200		1786	1789	indias:9900915	Pueblo de la Provincia y Gobierno de San Juan de los Llanos en el Nuevo Reyno de Granada , situado baxo de la linea equinoccial en la Cabezera y nacimiento de el río Napo ; tiene en sus inmediaciones muchas y abundantes minas de Plata.	crm:P189_approximates
id_07658	Ichoca			BO	P	Pueblo	-17.142100	-67.181000		1786	1789	indias:8000442	Pueblo de la Provincia y Corregimiento de Cicasica en el Perú , anexo al Curato de Yaco .	
id_17831	Santo Tomás de Xuchimilco			MX	P	Pueblo	17.073900	-96.726900		1786	1789	indias:1002320	Pueblo de la Cabecera de la Villa del Marquesado y Alcaldía mayor de Quatro Villas en el mismo Reyno, tiene 59 familias de Indios que se ocupan en cultivar grana, trigo, maíz, legumbres y frutas, en cortar maderas y hacer carbón, de todo lo qual mantienen su comercio, está media legua al Oriente, 1/4 al SE de su Capital.	
id_18205	Zapote			MX	P	Pueblo	17.422200	-98.781900		1786	1789	indias:1003739	Otro en la Cabeza de partido de Atistlac , y Alcaldía mayor de Tlapa en el mismo Reyno, es de temperamento frio, y húmedo, habitado de 38 familias de Indios que se emplean en sembrar maíz, porque su pobreza no les permite otra cosa.	
id_11358	Ocumucho			MX	P	Pueblo	19.796400	-102.221100		1786	1789	indias:1002009	Pueblo de la Cabezera de Partido y Alcaldía mayor de Periban en Nueva España : de temperamento frío y humedo: tiene 190 familias de Indios, y dista 3 leguas al Oriente del de Patamba .	
id_02573	Calle			PE	P	Pueblo	-13.287200	-71.597600		1786	1789	indias:6000323	Pueblo de la Provincia y Corregimiento de Paucartambo en el Perú , anexo del Curato de la Capital.	crm:P189_approximates
id_17044	San Juan Baptista de Tzichu			MX	P	Pueblo	21.298600	-100.055600		1786	1789	indias:1000694	Pueblo de la Alcaldía mayor de San Luis de la Paz y Obispado de Mechoacán en Nueva España , tiene 4 familias de Españoles, 9 de Mestizos y 539 de Indios ocupados en el trabajo de las minas, porque el terreno no produce más frutos que algún maíz y muchos pitales, está 8 leguas al Oriente de su Capital.	
id_07478	Huaroaya			PE	P	Pueblo	-13.624700	-74.358500		1786	1789	indias:6000456	Pueblo de la Provincia y Corregimiento de Vilcas-huaman en el Perú , anexo al Curato de Chuschi .	
id_15889	Tecoantepec			MX	A	Alcaldía mayor	16.661300	-94.720000		1786	1789	indias:JUNEOATT	Alcaldía mayor y jurisdicción de Nueva España en la Provincia y Obispado de Oaxaca , la última de él, y confinante con el de Chiapa , en que principia el Reyno de Guatemala , para cuyas Provincias es tránsito preciso; goza por lo general de temperamento cálido, es muy abundante y fértil en maíz y frutas, pero su principal comercio es de sal; fertilizarla diferentes ríos que la cruzan, y cría mucho ganado mayor por la abundancia de pastos que tiene: consta de los Pueblos siguientes: Tanapatepec ....	crm:P189_approximates
id_00242a	Aguas-calientes			MX	P	Villa	21.882300	-102.294200		1786	1789	indias:1000233	el Pueblo principal es la Villa del mismo nombre de temperamento templado, su vecindario se compone de 500 familias de Españoles, Mestizos y Mulatos , y aunque también viven en ella algunos Indios Mexicanos, es por el comercio que en ella hacen para expender los frutos de otras jurisdicciones: tiene 3 Conventos de Reli giosos, que son: uno de Franciscos Descalzos, cuya fabrica es sumptuosa, y de muy buena arquitectura: otro de Mercenarios; y el tercero de San Juan de Dios, con un Hospital muy bi...	
id_00853	Angol			CL	P	Ciudad	-37.727900	-72.257700		1786	1789	indias:7001001	Ciudad del Reyno de Chile , fundada por Pedro de Valdivia, con el nombre de los Confines, mudóla después Don García Hurtado de Mendoza, a un llano muy capaz y desahogado, 8 leguas de la cordillera y 20 de la Concepción , en terreno abundante y fértil de frutas, semillas y viñas; como también de pasas, higos y otras frutas secas, rodeada de cipreses, del río Biobio por la vanda del S, y de otro riachuelo por la del N, que despeñándose da disposición para formar varios molinos: esta Ciudad fue des...	
id_15283	Sondorillo			PE	P	Pueblo	-5.340400	-79.429500		1786	1789	indias:6001410	Pueblo de la misma Provincia y Corregimiento del anterior, situado a la orilla del río en que está aquel, es pequeño.	
id_03016	Carteret			US	A	Partido	34.853500	-76.571400		1786	1789		Partido y jurisdicción de la Carolina Meridional, en la Costa del mar.	crm:P189_approximates
id_08866	Licto			EC	P	Pueblo	-1.805900	-78.601900		1786	1789	indias:5600256	Pueblo de la Provincia y Corregimiento de Riobamba en el Reyno de Quito .	
id_16190	Tezahuapa			MX	P	Pueblo Cabecera	20.050000	-98.666700		1786	1789	indias:1001916	Pueblo y Cabeza de partido de la Alcaldía mayor de Zempoala en Nueva España , tiene 25 familias de Indios.	
id_10311	San Miguel			PA	H	Golfo	8.354000	-78.264000		1786	1789		Un Golfo de la mar del Sur en la Provincia de el Darién y Reyno de Tierra-Firme : es muy grande y hermoso, cuya boca o entrada cierra un baxo llamado el Buey, que solo dexa un canal para poder entrar las embarcaciones: dentro tiene muchos Islotes y peñascos , y en él desagua un Río caudaloso que baxa de las montañas de la misma Provincia.	crm:P189_approximates
id_07474	Huaripampa			PE	P	Pueblo	-11.808500	-75.471300		1786	1789	indias:6001136	Pueblo de la Provincia y Corregimiento de Xauja en el Perú .	
id_03213	Caxamarquilla Gongor			PE	P	Pueblo	-10.499500	-77.055200		1786	1789	indias:6001000	Otro con el sobrenombre de Gongor en la misma Provincia y Corregimiento que el anterior para distinguirlo anexo al Curato de Gongor .	
id_04905	Cuchumatlan			GT	P	Pueblo	15.511100	-91.604800		1786	1789	indias:2000359	Pueblo del Reyno de Goatemala en la Provincia y Alcaldía mayor de Chiapa .	
id_00264	San Agustín			MX	P	Pueblo Real de Minas	27.582700	-108.688600		1786	1789	indias:1005128	Tiene el mismo nombre un Pueblo y Real de Minas de la Provincia de Taraumara , en el Reyno de la Nueva Vizcaya , que fue en otro tiempo Población de crecido vecindario, y muy rica por la opulencia de sus minas, las quales han venido a mucha decadencia, y con ellas el Pueblo: está 26 leguas al S de la Villa de S. Felipe de Chiguagua .	crm:P189_approximates
id_13495	Santiago de la Puente			MX	P	Pueblo	19.718300	-101.188900		1786	1789	indias:1002115	Pueblo de la Cabecera de Tarimbaro y Alcaldía mayor de Valladolid en la Provincia y Obispado de Mechoacan , tiene 25 familias de Indios empleados en el cultivo de las tierras de ocho haciendas de labor que hay en su distrito, está tan inmediato a la Capital que solo le divide un río.	
id_09613	Mar Del Norte				H	Mar	15.333200	-74.846500		1786	1789		se toma respecto a la América Meridional desde la Costa del Itsmo de Panamá o de Tierra-Firme, esto es, de 294 gr. de long. hasta las Islas Antilles menores en 318 gr. de long.; baña las Costas de la Nueva Andalucía , Venezuela , Santa Marta , Cartagena , Darién y Tierra-Firme ; se extiende al N hasta 18 gr. de lat. bor; y está formado por una linea imaginaria del NE al SO, esto es, de la Isla de Santo Tomás , última de las Antilles menores al N hasta la boca o entrada del río de Chagre .	crm:P189_approximates
id_06027	Filipolis			CL	P	Ciudad	-53.326500	-71.001600		1786	1789	indias:7001003	Ciudad del estrecho de Magallanes , fundada por el Almirante Pedro Sarmiento de Gamboa el año de 1584, y no el de 1582 como dice el Ex- Jesuita Coleti, ni el de 1584 según Mr. de la Martiniere, le dio este nombre su fundador en obsequio del Rey Felipe II, estaba situada en la parte más angosta del estrecho con un buen Puerto, y en la Costa Septentrional, con quatro baluartes y alguna artillería; pero duró poco, porque el año de 1587 pasando el Pirata Inglés Tomás Candish la encontró despoblada h...	crm:P189_approximates
id_10927	Nauogame			MX	P	Pueblo	26.211900	-106.960800		1786	1789	indias:1000260	Pueblo de las Misiones que tenían los Regulares de la Compañía en la Provincia y Gobierno de Sonora en la América Septentrional .	
id_11846	Muchimilco			MX	P	Pueblo	19.218100	-98.566500		1786	1789		Fol. 269 col. 1 lín. 17 Pueblo de la Provincia de Huejotzinco en la Nueva España en tiempo de la gentilidad de los Indios, situado cerca de la sierra Nevada .	crm:P189_approximates
id_03961	Chulumani			BO	P	Pueblo	-15.479900	-68.897800		1786	1789	indias:8000110	Tiene el mismo nombre un Pueblo de la Provincia y Corregimiento de Larecaja en el Perú ..	
id_07299	Hostutla			MX	P	Pueblo	17.922400	-99.040600		1786	1789	indias:1000810	Pueblo de la Cabecera y Alcaldía mayor de Chilapa en Nueva España , tiene 27 familias de Indios, y esta 7 leguas al Oriente de su Capital.	
id_16336	Tiltil			CL	P	Pueblo	-33.084700	-70.928400		1786	1789	indias:7000307	Pueblo pequeño de Indios de la Provincia y Corregimiento de Santiago en el Reyno de Chile , está cerca de su Capital, y es célebre por una rica mina de oro que hay en él, y hoy está casi abandonada por falta de gente que la trabaje.	
id_17481	Villeta			CO	P	Pueblo	5.011200	-74.470200		1786	1789	indias:5000342	Pueblo del Gobierno de Mariquita y jurisdición de la Villa de Honda en el Nuevo Reyno de Granada , anexo al Curato del de Sasaima , es de temperamento muy cálido, produce mucho maíz, cañas dulces, yucas, plátanos, tiene más de 100 vecinos, pero muy pocos Indios, y tiene la pensión de abundar de insectos.	
id_02255	San Buenaventura			PE	P	Pueblo	-11.488900	-76.661900		1786	1789	indias:6000757	Otro de la Provincia y Corregimiento de Canta , en el Perú .	
id_05160	Cuyotambo			PE	P	Pueblo	-13.869200	-71.786400		1786	1789	indias:6000341	Pueblo de la Provincia y Corregimiento de Quispicanchi en el Perú , anexo al Curato de Quishuares .	
id_16092	Tequia			CO	P	Pueblo	6.657400	-72.732400		1786	1789	indias:5000516	Otro Pueblo hay de este nombre en la misma Provincia y Reyno , está 8 leguas del anterior, goza del mismo temperamento y frutos, y solo está habitado de Indios, qué serán 60, y se mantienen de hacer sombreros de paja muy finos, que tienen particular estimación en todas partes, por lo qual no cuidan del cultivo de la tierra: está 40 leguas al N de su Capital.	crm:P189_approximates
id_09013	Londres			AR	P	Ciudad	-27.712600	-67.135600		1786	1789	indias:9000507	Ciudad de la Provincia y Gobierno del Tucumán , fundada por el Gobernador Pedro Tarita el año de 1555 en la antigua Provincia de los Indios Juries, se le dio este nombre en obsequio de la Reyna María de Inglaterra por el matrimonio que había celebrado con Felipe II, Rey de España; pero duró tan poco como esta Princesa, porque empezaron a pasarse a otras partes las familias que la habian poblado, y solo ha quedado reducida a un Pueblo miserable: está en 29 gr. 8 min. de lat. aust.	
id_03205	Caxabamba			EC	P	Pueblo	-1.701200	-78.769900		1786	1789	indias:5600247	Pueblo de la Provincia y Corregimiento de Riobamba en el Reyno de Quito .	
id_15519	Tacarigua			TT	P	Pueblo	10.643700	-61.361200		1786	1789	indias:4000696	Un Pueblo de la Isla y Gobierno de la Trinidad , situado en la parte del N, casi en la extremidad del E, frente de la Isla de Tabago .	
id_06434	Glocester			US	P	Ciudad	42.614100	-70.663100		1786	1789	gn:4937829	Otra Ciudad del Condado de Essex en la Bahía de Massachusets y Colonia de la Nueva Inglaterra , situada en el itsmo de la Península que forma el cabo Ana .	crm:P189_approximates
id_18244a	Zempoala			MX	P	Capital	19.915000	-98.669700		1786	1789	indias:1000116	La Capital tiene el mismo nombre, es tan corto como la jurisdicción, pues solo tiene catorce o quince familias de Españoles, Mulatos y Mestizos , 45 de Indios, y un buen Convento de Religiosos de San Francisco: su principal comercio es del pulque, por estar toda la tierra poblada de magueyes de la mejor calidad para hacer esta bebida; produce también algún trigo) maíz y cebada que cultivan aquellos pocos naturales aplicados al trabajo; está 17 leguas al NE de México , en 274 gr. 30 min. de long....	
id_14417	Sacapula			GT	P	Pueblo	15.288500	-91.089100		1786	1789	indias:2000159	Pueblo de la Provincia y Alcaldía mayor de Chiapa en el Reyno de Guatemala .	
id_10642	Morro			EC	P	Pueblo	-2.634500	-80.326600		1786	1789	indias:5600107	Tiene el mismo nombre otro Pueblo del Partido de la Punta de Santa Elena en la Provincia y Gobierno de Guayaquil y Reyno de Quito .	
id_13882	Racar			EC	P	Pueblo	-2.853600	-79.038500		1786	1789	indias:5600423	Pueblo de la Provincia y Corregimiento de Cuenca en el Reyno de Quito , es todo de Indios, abunda de hermosos pastos, y dista 4 leguas al NO de su Capital, y 2 al N del de Sayausi : está en 2 gr. 52 min. de lat. aust.	crm:P189_approximates
id_08106	Iztapa			GT	P	Pueblo	14.622700	-90.843400		1786	1789	indias:2000202	Otro hay de este nombre en la Provincia y Alcaldía mayor de Capabanastla en el mismo Reyno.	
id_11360	San Martin de Ocuyoacaque			MX	P	Pueblo Cabecera	19.272200	-99.461900		1786	1789	indias:1001562	Pueblo y Cabeza de Partido de la Alcaldía mayor de Metepec en Nueva España : tiene 334 familias de Indios, y es Cabeza de Curato, a que están anexes otros varios, dista 2 leguas al E de su Capital.	
id_06245	Fusagasuga			CO	P	Pueblo	4.336900	-74.364500		1786	1789	indias:5000324	Tiene el mismo nombre un Pueblo de la Provincia y Corregimiento antecedente: es de temperamento calido, abundante en cañas de azúcar, maíz y plátanos: esta cerca de un río caudaloso de su mismo nombre: tiene 150 vecinos y 100 Indios, la mayor parte agregados de la Ciudad de Alta Gracia que se extinguió, y los llaman allí Chuchumecos: fue Cura Doctrinero de este Pueblo el célebre Don Lucas Fernandez de Piedrahita, Obispo de Santa Marta , y de Panamá , y Autor de la Historia de la Conquista del Nu...	
id_03374	Chamas			PE	P	Pueblo	-10.434300	-77.170900		1786	1789	indias:6000974	Pueblo de la Provincia y Corregimiento de Caxatambo en el Perú , anexo al Curato de Mangas .	
id_15541	Tacuchameta			MX	P	Pueblo	24.360300	-107.075800		1786	1789	indias:1003883	Pueblo de las Misiones que tienen los Religiosos de San Francisco en la Provincia de Culiacán y Reyno de la Nueva Vizcaya , situado entre los ríos Elota y Tabala , produce maíz, frixoles, y una abundante cosecha de cera y miel.	
id_02543	Calchaqui			AR	T	Valle	-25.232200	-66.153300		1786	1789		Un Valle grande, fértil y hermoso de la misma Provincia.	crm:P189_approximates
id_00835	Angel			MX	P	Pueblo	29.446200	-110.753800		1786	1789	indias:9900047	Otro de la Provincia y Gobierno de la Sonora , en Nueva España , a orilla de un río que entra en el de Gila , al O del Presidio de Horcasitas .	crm:P189_approximates
id_16142	Tetela			MX	P	Pueblo	19.815600	-97.806900		1786	1789	indias:1000188	Otro que también es Real de Minas de Plata de la Alcaldía mayor de Tetela Xonotla tiene 32 familias de Españoles, 107 de Mulatos, Mestizos y Negros , que a costa de los mineros han fabricado un hermoso templo que es ayuda de Parroquia de la Cabeza de partido de Xonotla : reside en este Pueblo un Teniente del Alcalde mayor: sus vecinos se emplean en sembrar semillas, cortar maderas, y hacer leña, carbón y teas para la labor de la mina, en la qual hay una beta de oro, pero de tan corta ley que dex...	
id_06141	San Francisco del Valle			MX	P	Pueblo	21.804400	-100.933300		1786	1789	indias:1000199	Otro con el sobrenombre del Valle, Cabecera de Partido de la Alcaldía mayor de San Luis de Potosí , tiene 304 familias de Españoles, Mestizos y Mulatos , y algunas de Indios, que todas se emplean en criar ganado mayor y menor, y en cultivar semillas y granos en las haciendas de labor que hay en el valle donde está situado, y también es abundante en viñas de que hacen vino y aguardiente: esta 5 leguas al SSO de su Capital,	crm:P189_approximates
id_09150	San Lucas			MX	P	Pueblo	22.428600	-104.497200		1786	1789	indias:1000372	Otro de las Misiones que tenían los Regulares de la Compañía en la Provincia de Nayarith y Reyno de Nueva Galicia está 12 leguas al NNE del de la Mesa .	
id_09280	Macari			PE	P	Pueblo	-14.771600	-70.902300		1786	1789	indias:8000223	Pueblo de la Provincia y Corregimiento de Lampa en el Perú .	
id_17102	Unare			VE	H	Rio	10.088000	-65.191200		1786	1789		Un Río grande y caudaloso de la misma Provincia y Reyno , célebre por el excelente cacao que se coge en las haciendas que hay a sus orillas, algunos lo llaman también de las Harinas, nace en las montañas que hay a Levante de Upar , corre al NE culebreando y recogiendo las aguas del de Huere , desemboca en el mar cerca de su Capital, en sus riveras tienen varios Pueblos de reducciones los Religiosos Misioneros Franciscos del Piritú ; podría navegarse este río con balandras y paquebots si no lo im...	crm:P189_approximates
id_13761	Quilcata			PE	P	Pueblo	-15.244900	-73.453100		1786	1789	indias:6000569	Pueblo de la Provincia y Corregimiento de Parinacochas en el Perú , anexo al Curato de Pararca .	
id_16103	San Bartolomé de Tequisistlan			MX	P	Pueblo	19.591700	-98.941100		1786	1789	indias:1001594	Pueblo de la Cabeza de partido y Alcaldía mayor de Teotihuacán , es de temperamento frío y húmedo, tiene agregados seis Pueblecillos o barrios , con los quales se compone su vecindario de 126 familias de Indios, 15 de Españoles y 20 de Mestizos y Mulatos : dista 3 leguas al S de su Capital.	
id_17754	Xibaros			EC	L	Nación	-3.824900	-78.545900		1786	1789		Nación bárbara de Indios del Reyno de Quito que vive en los bosques al Mediodía de la Provincia de Macas , y al ESE de la de Cuenca , estos bárbaros se sublevaron después de reducidos a la Religión Católica, y destruyeron la Ciudad de Logroño , retirándose a los bosques con las mugeres Españolas que apresaron de aquella infeliz Población: los Historiadores están discordes en la época de esta rebelión, el ex-Jesuita Coleti dice que fue a mitad del siglo pasado, pero se equivoca, porque el año de ...	crm:P189_approximates
id_16021	Tepactepec			MX	P	Pueblo	20.244400	-99.087800		1786	1789	indias:1001623	Pueblo de la Cabeza de partido de Misquiahuala en la Alcaldía mayor de Tepetango y Reyno de Nueva España , tiene 180 familias de Indios.	
id_05156	Cuxutepec			SV	P	Pueblo	13.720100	-88.934600		1786	1789	indias:2000229	Pueblo de la Provincia y Alcaldía mayor de San Salvador en el Reyno de Goatemala .	
id_03312	Chacna			PE	P	Pueblo	-13.923900	-73.181700		1786	1789	indias:6000217	Pueblo de la Provincia y Corregimiento de Aimaraez en el Perú , anexo al Curato de Colcabamba .	
id_12130	Pampas			PE	P	Pueblo	-12.398900	-74.865900		1786	1789	indias:6000668	Otro de la Provincia y Corregimiento de Guanta en el mismo Reyno.	
id_17254	Valle Umbroso			MX	P	Pueblo	27.492200	-108.392500		1786	1789	indias:1000272	Pueblo de la Provincia y Gobierno de Cinaloa , uno de las Misiones que tenían allí los Regulares de la Compañía.	
id_05191	Altamira			VE	P	Pueblo	8.584200	-65.569800		1786	1789	indias:4000136	Otro Pueblo hay del mismo nombre en la Provincia y Gobierno de Venezuela , uno de los que tienen a su cargo los Padres Misioneros Capuchinos, donde hay muchos hatos de ganado mayor.	crm:P189_approximates
id_10437	Mizantla			MX	A	Jurisdicción	19.418200	-96.695400		1786	1789	indias:JUNEVCVA	Jurisdicción y Alcaldía mayor de Nueva España, llamada también Vera-Cruz Vieja , por haber estado en ella la Ciudad que con este nombre fundó Hernán Cortés y se trasladó luego a donde está: consta de otros siete Pueblos que son: Santa María Tlalixcoya . Cempoala . S. Francisco Tenampa . Santa María Tetela . S. Martín Tlacotepeque . Chicontepec , y Colipa ....	crm:P189_approximates
id_17408	Valle del Victor			PE	P	Pueblo	-16.467900	-71.928900		1786	1789	indias:6000016	Pueblo de la Provincia y Corregimiento de Arequipa en el Perú , situado en la Costa del mar.	
id_15738	Tapaya			PE	P	Pueblo	-11.100000	-77.407500		1786	1789	indias:6000782	Pueblo de la Provincia y Corregimiento de Chancay en el mismo Reyno que el anterior, anexo al Curato del de Sayán .	crm:P189_approximates
id_16454	Tlahualpa			MX	P	Pueblo	20.082500	-97.923600		1786	1789	indias:1003273	Pueblo pequeño o barrio de la Alcaldía mayor de Guauchinango , anexo al Curato del de Chiconcuautla .	
id_17890	Yaguaron			PY	P	Pueblo	-25.562300	-57.284600		1786	1789	indias:9000099	Pueblo de la Provincia y Gobierno del Paraguay , situado cerca del río de este nombre, a su inmediación tiene un fuerte construido para defender la subida del río.	
id_10416	Mistepec			MX	P	Pueblo	17.984200	-97.689400		1786	1789	indias:1002354	Tiene el mismo nombre otro Pueblo de la Alcaldía mayor de Guajuapa en el mismo Reyno, y tiene 12 familias de Indios.	
id_08816	Lengusaque			CO	P	Pueblo	5.306800	-73.713500		1786	1789	indias:5000545	Pueblo de la misma Provincia y Reyno que el anterior, perteneciente al Corregimiento de Indios de Turmeque , es de temperamento frío, produce trigo, maíz, papas y demás frutos de su clima, fue en tiempo de los Indios Ciudad grande y populosa, la conquistó Gonzalo Ximénez de Quesada el año de 1537; hoy está reducida a 60 vecinos y 40 Indios: está 8 leguas al SE de Tunja y 16 al NO de Santa Fe .	
id_07662	Ichupampa			PE	P	Pueblo	-15.649900	-71.686700		1786	1789	indias:6000088	Pueblo de la Provincia y Corregimiento de Collahuas en el Perú , anexo al Curato de Maca .	
id_07325	Huacca			EC	P	Pueblo	0.632000	-77.725500		1786	1789	indias:5600113	Pueblo de la Provincia y Gobierno de Pastos en el distrito y jurisdicción de la Presidencia de Quito .	
id_08739	Larahue			CL	P	Pueblo	-34.413800	-71.229000		1786	1789	indias:7000062	Pueblo de la Provincia y Corregimiento de Colchagua en el Reyno de Chile , situado al O de la Villa de Triana .	
id_10054	Mazatlan			MX	P	Pueblo	19.455300	-103.825000		1786	1789	indias:1000631	Otro de la Cabezera de Partido de Tuzcacuesco y Alcaldía mayor de Amola en Nueva España ; es de temperamento caliente, situado entre dos lomas a orilla de un arroyo, con cuyas aguas riegan y cultivan las huertas sus vecinos, que son 70 familias de Indios, y está 4 leguas a Poniente de su Cabezera.	
id_11906	Pablillo			MX	P	Pueblo	24.592000	-99.995900		1786	1789	indias:9901278	Pueblo del Nuevo Reyno de León en la América Septentrional , situado al O del Presidio de Santa Engracia .	
id_15696	Tanganziquaro			MX	P	Pueblo	19.888300	-102.205000		1786	1789	indias:1002127	Pueblo de la Alcaldía mayor de Zamora en Nueva España , situado en un llano en medio de dos ríos cristalinos que nacen de des fuentes inmediatas a la Población, con cuyas aguas fertilizan las labores de trigo, maíz y lentejas que son los frutos de su comercio, es de temperamento frío por estar situado casi en la sierra, está rodeado de huertas que producen muchas frutas y hortalizas, el vecindario se compone de 98 familias de Españoles y 74 de Indios, dista 6 leguas al N de su Capital.	
id_08087	San Agustin de Ixtlatlasco			MX	P	Pueblo	20.819400	-99.130000		1786	1789	indias:1001076	Pueblo de la Cabecera de partido y Alcaldía mayor de Ixmiquilpan en Nueva España , distante 10 leguas de su Capital.	
id_15601	Talina			BO	P	Pueblo	-21.752700	-65.824400		1786	1789	indias:8000163	Pueblo de la Provincia y Corregimiento de Chichas y Tarija en el Perú , perteneciente al distrito del primero.	
id_14383	Sabanilla			CO	P	Pueblo	11.020700	-74.893200		1786	1789	indias:5000791	Pueblo de la Provincia y Gobierno de Cartagena en el Nuevo Reyno de Granada , situado en una punta de la Costa que sale al mar, enfrente de la Isla Verde .	crm:P189_approximates
id_10280	San Miguel			MX	P	Pueblo	17.165600	-96.272200		1786	1789	indias:1002943	Otro que es Cabezera de Partido de la Alcaldía mayor de Villalta en el mismo Reyno: tiene 26. familias de Indios y dista ocho leguas y media de su Capital.	
id_05794	Esparza			CR	P	Pueblo	9.990100	-84.666600		1786	1789	indias:2000692	Pueblo de la Provincia y Gobierno de Costarrica en el Reyno de Guatemala , situado en la Costa del mar del Sur , a orilla de un río pequeño.	
id_15994	Tensa			CO	P	Pueblo	5.076900	-73.420000		1786	1789	indias:5000072	Pueblo de la Provincia y Corregimiento de Tunja en el Nuevo Reyno de Granada , situado en un llano ameno y saludable, de temperamento cálido moderadamente, abunda en maíz, caña dulce, plátanos y demás frutos de tierra caliente, y con especialidad de anís, de que hace su principal comercio, saliendo continuamente cargas para Cartagena , Mompox y otros parages; tiene más de 400 vecinos y poco más de 100 Indios: en su territorio está la célebre mina de esmeraldas finas de Somondoco : lo conquistó G...	
id_03405	Chandui			EC	P	Pueblo	-2.400700	-80.692500		1786	1789	indias:5600104	Pueblo del Partido de Santa Elena en la Provincia y Gobierno de Guayaquil , situado a la orilla del mar, con un Puerto donde solo entran embarcaciones, obligadas de la necesidad, a causa del peligro de unos dilatados baxos que tiene a su entrada, donde baró y se hizo pedazos el año de 1654 la Capitana de la Armada del Sur, que baxaba a Panamá para el despacho de los Galeones del cargo del Marqués de Villarubia; pero con el oportuno socorro que remitieron el Virey del Perú , Conde de Salvatierra,...	
id_18162	Zambrano			CO	P	Pueblo	9.741500	-74.817800		1786	1789	indias:5000176	Pueblo de la Provincia y Gobierno de Cartagena en el Nuevo Reyno de Granada , situado a la orilla del río grande de la Magdalena .	
id_17701	Xalisco			MX	A	Provincia	21.101000	-104.843200		1786	1789		Provincia del Reyno de la Nueva Galicia , la más meridional de la Audiencia de Guadalaxara , bañada del mar Pacífico o del Sur por este rumbo y por el O, limitada al E por las de Guadalaxara y de Mechoacán , la divide de la de Chia metlan un pequeño río que sale al mar, tiene 50 leguas de extensión, y es muy abundante en trigo y en minas de plata, la conquistó Nuño de Guzman el año de 1531, véase el artículo Nueva Galicia.	crm:P189_approximates
id_12033	Palca			PE	P	Pueblo	-12.656900	-74.980300		1786	1789	indias:6000592	Pueblo de la Provincia y Corregimiento de Angaraez en el Perú , anexo al Curato de Acoria .	
id_07541	Huejuca			MX	P	Pueblo	22.357500	-103.210000		1786	1789	indias:1002183	Pueblo de la Cabecera y Alcaldía mayor de Colotlán en Nueva España , esta 5 leguas al N de ella.	
id_15954	Temoris			MX	P	Pueblo	27.273900	-108.278100		1786	1789	indias:1000270	Pueblo de las Misiones que tenían los Regulares de la Compañía en la Provincia y Gobierno de Cinaloa .	
id_14418	Santa Lucía de Sacatecoluca			SV	P	Pueblo	13.509000	-88.870000		1786	1789	indias:2000237	Pueblo de la Provincia y Alcaldía mayor de San Vicente de Austria en el Reyno de Guatemala , situado en la Costa de la mar del Sur , al O del río Salbutiqui , tiene más de 3100 Indios.	
id_11610	San Juan de Otontepec			MX	P	Pueblo	21.211400	-97.919200		1786	1789	indias:1004218	Pueblo de la Cabeza de Partido de Tantoyuca y Alcaldía mayor de Tampico en Nueva España : tiene 69 familias de Indios, y está 13 leguas al Poniente de su Cabezera.	
id_00649	Santa Ana			BO	P	Pueblo	-19.719200	-65.418600		1786	1789	indias:8000184	Otro de la Provincia y Corregimiento de Porco en el mismo Reyno.	
id_02422	Caete			BR	P	Ciudad	-1.727300	-48.879700		1786	1789		Ciudad de la Provincia y Capitanía del Pará en el Brasil , situada a la orilla del Mar en la punta que forma la boca del Río de las Amazonas .	crm:P189_approximates
id_17234	San Juan del Valle			EC	P	Pueblo	-3.981300	-79.201500		1786	1789	indias:5600648	Pueblo de la Provincia y Corregimiento de Loxa en el Reyno de Quito .	
id_10201	Mexistlan			MX	P	Pueblo	17.138900	-96.100000		1786	1789	indias:1002975	Pueblo de la Cabezera de Partido de Chichicatepec , y Alcaldía mayor de Villalta en Nueva España ; tiene 62 familias de Indios, y está 8 leguas entre Oriente y Sur de su Capital.	
id_12443	Pastaza			PE	H	Rio	-4.901700	-76.400700		1786	1789		Río grande y navegable del Reyno de Quito , nace en la Serranía de las Provincias de Riobamba y Latacunga , corre más de 100 leguas hasta que entra en el Marañon por su parte austral con quatro bocas, formando tres Islas desde el Pueblo de los Baños por donde pasa; re cibe 25 ríos por la parte de Levante, y 15 de la de Poniente, y desde allí toma el nombre de Pastaza, corriendo antes con los de San Felipe , Patate , y otros de los lugares por donde pasa; en los bosques que tiene a su inmediación...	crm:P189_approximates
id_04255	Cojata			PE	P	Pueblo	-15.015200	-69.365200		1786	1789	indias:8000541	Pueblo de la Provincia y Corregimiento de Paucarcolla en el Perú , anexo al Curato de Vilques .	
id_01749	Barranca			CO	P	Pueblo	10.148700	-74.949600		1786	1789	indias:5000581	Otro también de la misma Provincia y Gobierno , situado en el camino que baxa al río de la Magdalena .	
id_03743	Chinautla			MX	P	Pueblo Cabecera	19.812500	-97.387800		1786	1789	indias:1003639	Pueblo y Cabecera de Partido de la Alcaldía mayor de Teuzitlán en Nueva España , anexo al Curato de esta Capital: tiene 108 familias de Indios, y dista legua y media al SO de aquella.	
id_14039	Renca			CL	P	Pueblo	-33.406300	-70.704400		1786	1789	indias:7000301	Pueblo de la Provincia y Corregimiento de Santiago en el Reyno de Chile , en cuya Iglesia se venera la Imagen milagrosa del Santo Christo del Espino, que fue hallada por un Indio en una espesura de espinos, como que se habia criado allí con los demás, y aunque igual en verdor tenía la portentosa distinción de formar un crucifixo perfecto de la estatura natural de hombre; era el distrito en que se halló del Curato de San Pedro de Limachi en la Provincia de Quillota , pero lo lleva ron a este de R...	
id_08519	Juli			PE	P	Pueblo	-16.214500	-69.457100		1786	1789	indias:8000202	Pueblo grande, hermoso y bien poblado de la Provincia y Corregimiento de la Paz en el Perú , está situado cerca de la laguna de Chucuito , y por esto es de clima mal sano, y sus naturales padecen mucho de la vista, tiene cuatro Iglesias muy buenas que son Jerusalén, San Pedro, San Juan de Letran, y Santa María la mayor: la principal es la segunda, a la qual está contiguo un hermoso Colegio que tenían los Regulares de la Compañía Párrocos del Pueblo, y un Hospital muy bien provisto de todo lo nec...	
id_18241	Zelaya			MX	A	Jurisdicción	20.343600	-100.839300		1786	1789	indias:JUNEGJCE	Jurisdicción y Alcaldía mayor de la Provincia y Obispado de Mechoacán en Nueva España , es sumamente fértil y abundante de frutos, poblada de muchísimas, haciendas de la bor, en que se produce trigo, maíz, cebada y otras semillas; pero de la que sacan mayor utilidad en su comercio es del Chile, pasilla o pimiento, siendo increible la excesiva cantidad que siembran y cogen, tiene tambien muchos olivares de aceytunas de diferentes especies, de que hacen porción de aceyte de excelente calidad, viña...	crm:P189_approximates
id_02876	Carasa			BO	P	Pueblo	-17.626000	-66.257300		1786	1789	indias:8000085	Pueblo de la Provincia y Corregimiento de Cochabamba , en el Perú .	
id_09714	Margos			PE	P	Pueblo	-10.006300	-76.522800		1786	1789	indias:6001187	Pueblo de la Provincia y Corregimiento de Tarma en el Perú , anexo al Curato de Baños de la de Guamalies , está situado a orilla de la Laguna de Lauricocha .	
id_16204	San Francisco de Thado			CO	P	Pueblo	5.266300	-76.562900		1786	1789	indias:5000191	Pueblo de la Provincia y Gobierno del Chocó en el Nuevo Reyno de Granada , situado a la orilla del río de San Juan , en el partido y distrito de Novita .	
id_17304	San Juan de la Vega			MX	P	Pueblo	20.625000	-100.761100		1786	1789	indias:1000669	Otro Pueblo hay de este nombre con la advocación de San Juan, Cabeza de partido en la Alcaldía mayor de Zelaya de la Provin cia y Obispado de Mechoacán y Reyno de Nueva España , tiene 415 familias de Indios, 20 de Españoles, Mestizos y Mulatos , y un Convento de Religiosos de San Francisco, está 2 leguas al N de su Capital.	
id_07334	Huachon			PE	P	Pueblo	-10.638500	-75.949800		1786	1789	indias:6001221	Pueblo de la Provincia y Corregimiento de Tarma en el Perú .	crm:P189_approximates
id_05965	Santa Fe del Rio			MX	P	Pueblo	20.203300	-101.826400		1786	1789	indias:1000138	Otro Pueblo con el aditamento del río en la Cabecera de Puruandiro y Alcaldía mayor que el antecedente, y del mismo Reyno y Obispado , esta en medio de una llanura que hay inmediata a el río grande , tiene 74 familias de Indios, y dista 28 leguas al O de la Capital Pasquaro .	
id_15859	Taximaroa			MX	P	Pueblo Cabecera	19.691100	-100.553300		1786	1789	indias:1002167	Pueblo y Cabeza de partido de la Alcaldía mayor de Maravatio en la Provincia y Obispado de Mechoacán , se compone su vecindario de 460 familias de Españoles, 110 de Mestizos y Mulatos , y 66 de Indios; tiene un Convento de Religiosos de San Francisco, y a la parte del O un dilatado valle tan fértil y ameno, que en él cogen abundantes cosechas de trigo, maíz y frixoles, y en las montañas que lo rodean hay muchas minas de azufre que benefician para las fábricas de pólvora: está 5 leguas al S de su...	
id_09516	Managua			NI	P	Pueblo	12.152800	-86.271900		1786	1789	indias:2000628	Pueblo de la Provincia y Reyno de Guatemala .	
id_03885	Chorrillo			PE	P	Pueblo	-12.185600	-77.007500		1786	1789	indias:6000879	Otro hay del mismo nombre en la Provincia y Corregimiento del Cercado en el propio Reyno, anexo al Curato de Surco .	
id_01948a	Bethlem			MX	P	Pueblo	27.773300	-110.440600		1786	1789	indias:1003895	Otro Pueblo de las Misiones que tenían los Regulares de la Compañía, en la Provincia de Cinaloa , en Nueva España .	
id_06131	San Francisco			MX	P	Pueblo	20.003900	-97.601400		1786	1789	indias:1003635	Otro de la Cabecera de Xonotla y Alcaldía mayor de Tetela , distante 2 leguas al Oriente de aquella.	
id_02561	California			US	A	Provincia	37.245600	-117.325300		1786	1789	indias:PRNECL00	Provincia de la América Septen trional, y la última parte de ella en lo descubierto acia el N. Es una gran Península o Lengua de tierra , rodeada en la parte exterior del mar del Sur , y en lo interior del Golfo o Seno Californio se abanza entre Oriente y Mediodia, hasta pasar el Trópico y entrar la Punta en la Tórrida Zona. Tiene de largo casi 300 leguas desde el Cabo de San Lucas hasta el último terreno reducido al N....	
id_12556a	Paz			MX	P	Capital	21.297500	-100.516700		1786	1789	indias:1000075	La Capital tiene el mismo nombre, fundado por los Regulares de la Compañía para la conversión de aquellos infieles, y tenían en él muy buen Colegio: su vecindario se compone de 42 familias de Españoles, 68 de Mestizos y Mulatos , y 614 de Indios aplicados a la siembra de maíz que produce aquel terreno con abundancia, y lo mismo viñas, de que fabrican muchos vinos y aguardientes que tienen estimación en todo el Reyno: está 65 leguas al N, con inclinación al NO de México , en 273 gr....	
id_15221	Socorro			VE	P	Pueblo	10.471600	-64.129500		1786	1789	indias:4000362	Otro de la Provincia y Gobierno de Cumaná , situado en la Playa de aquella Costa a distancia de un tiro de cañón de la Capital, sus naturales gozan el privilegio de estar exentos de tributos y contribuciones.	crm:P189_approximates
id_01677	Bararaua			BR	P	Pueblo	-0.386800	-63.900400		1786	1789		Pueblo de los Portugueses, en la Provincia y País de las Amazonas , situado a la orilla del río Negro .	crm:P189_approximates
id_16084	Tepunahuasco			MX	P	Pueblo	20.906900	-103.038600		1786	1789	indias:1000461	Pueblo de la Cabeza de partido y Alcaldía mayor de Cuquio en Nueva España , está una legua al S de ella.	
id_02678	Cananca			MX	P	Pueblo Real de Minas	30.986200	-110.278500		1786	1789		Pueblo y Real de Minas de la Provincia y Gobierno de Sonora , en Nueva España .	crm:P189_approximates
id_10335	Miltepec			MX	P	Pueblo	18.241900	-98.931900		1786	1789	indias:1003155	Pueblo de la Alcaldía mayor de Teotales en Nueva España ; tiene 89 familias de Indios.	
id_10450	Mocha			CL	P	Pueblo	-19.811600	-69.276000		1786	1789	indias:6000146	Pueblo de la Provincia y Corregimiento de Arica en el Perú , anexo al Curato de Cibaya .	
id_12596	San Pedro			MX	P	Pueblo	18.996900	-97.712800		1786	1789	indias:1003556	Otro de la Cabecera de Quechula y Alcaldía mayor de Tepeaca en el mismo Reyno tiene o familias de Mestizos y 18 de Indios, y está muy inmediato a su Cabecera.	
id_13385	Potinchan			MX	P	Pueblo	17.424700	-98.719400		1786	1789	indias:1003707	Pueblo de la Cabecera de partido de Acantepéc y Alcaldía mayor de Tlapa en Nueva España , es de temperamento cálido, y tiene 90 familias de Indios que se emplean en el cultivo y beneficio del algodón, de que hacen su comercio.	
id_16458	San Matias de Tlalancaleca			MX	P	Pueblo	19.323300	-98.496400		1786	1789	indias:1003361	Pueblo de la Cabeza de partido y Alcaldía mayor de Guejozingo , tiene 64 familias de Indios.	
id_03443	Chaquiminas			PE	P	Pueblo	-14.667600	-69.571700		1786	1789	indias:8000526	, Pueblo de la Provincia y Corregimiento de Asangaro en el Perú , anexo al Curato de Sandia en la de Carabaya .	crm:P189_approximates
id_07663	Icla			BO	P	Pueblo	-19.362900	-64.793000		1786	1789	indias:8000363	Pueblo de la Provincia y Corregimiento de Yamparaes en el Perú y del Arzobispado de Char cas, anexo al Curato de su Capital.	
id_09357	Magdalena			MX	P	Pueblo	19.632900	-96.906800		1786	1789	indias:9901250	Otro de la Cabezera de Partido de Tlacolula y Al caldía mayor de Xalapa en el mismo Reyno: dista 2 leguas al N de su Cabezera.	crm:P189_approximates
id_10731	Moyagua			MX	P	Pueblo	21.265600	-103.165800		1786	1789	indias:1004609	Pueblo de la Cabezera de Partido y Alcaldía mayor de Juchipila en Nueva España , distante de ella quatro leguas al Sur.	
id_17058	Ubinas			PE	P	Pueblo	-16.386700	-70.857200		1786	1789	indias:6000127	Pueblo de la Provincia y Corregimiento de Moquehua en el Perú , situado a la otra parte de la cordillera al E de la Provincia, y a la falda de un gran volcán que continuamente vomita fuego, y se ha observado que por el mes de Octubre suele algunos años arrojar crecidas porciones de agua turbia y hedionda por la misma boca en que se reconoce el fuego, pertenece a su distrito una Iglesia de bastante adorno y no vulgar fábrica, en un parage llamado Ichuña , que es un trapiche de moler metales de pl...	
id_03296	Chacaracuian			VE	P	Pueblo	10.698300	-63.111700		1786	1789	indias:4000389	Pueblo de la Provincia y Gobierno de Cumaná en el Reyno de Tierra-Firme , situado en medio de la serranía de ella: está al cargo de los PP. Capuchinos Catalanes, y según Cruz en la Costa del mar de Paria .	
id_10446	Mobila			US	H	Rio	31.067800	-87.965800		1786	1789		Río grande de la Nueva Francia o Canadá en la América Septentrional , y uno de los más considerables que entran en el Misisipi : a sus orillas tienen los Franceses el establecimiento de la Isla Delfina , cerca de 70 leguas distante a Levante del último; llámase fuerte Luis , y es de los más ventajosos que tiene aquella Nación.	crm:P189_approximates
id_01011	Aparicion			VE	P	Pueblo	9.396100	-69.383500		1786	1789	indias:4000026	Pueblo de la Provincia y Gobierno de Venezuela , situado a orilla de un río pequeño que entra en el de Guache : está al N de la Villa de Araure , y al E de Truxillo .	
id_01939	Betanzos			PE	P	Pueblo	-15.151300	-70.146400		1786	1789	indias:8000514	Pueblo de la Provincia y Corregimiento de Asangaro , en el Perú , anexo del Curato del de Arapa .	
id_17931	Yancao			PE	P	Pueblo	-11.114600	-76.930900		1786	1789	indias:6000801	Pueblo de la Provincia y Corregimiento de Chancay en el Perú , anexo al Curato del de Iguari .	
id_10497	Molino			CL	P	Pueblo	-38.729000	-73.159000		1786	1789		Tiene el mismo nombre otro Pueblo del Reyno de Chile , situado a orilla del río Cautén .	crm:P189_approximates
id_03615	Chichas y Tarija			BO	A	Provincia	-21.721200	-65.643300		1786	1789	indias:JUCCPOCH	Provincia y Corregimiento del Perú: confina por el N con la de Cinti , por el S con la del Tucumán , sirviendo de división el río que llaman de Quiaca , por el O con la de Lipes , y por el N con la de Porco ; el Partido de Tarija perteneciente a este Corregimiento, que dista de la Capital de Chichas 40 leguas, confina por el E con las tierras de los Indios Infieles Chiriguanos, Chanaes y Mataguayos a cuyos primeros pueblos hay desde las últimas habitaciones de Tarija 14 leguas de caminos fragoso...	crm:P189_approximates
id_15884	Tecaxtepec			MX	P	Pueblo	17.011100	-99.822800		1786	1789	indias:1000700	Pueblo de la Cabecera de partido de Coyuca en el Gobierno de Acapulco y Reyno de Nueva España , tiene 126 familias de Indios, y está 8 leguas al E de su Capital.	
id_13405	Poyogasta			AR	P	Pueblo	-25.051700	-66.103100		1786	1789	indias:9000243	Pueblo de la Provincia y Gobierno del Tucumán en el Perú , perteneciente a la jurisdicción de la Ciudad de Salta , y anexo al Curato del de Chiquiana .	
id_17801	San Pedro de Xocoteapa			MX	P	Pueblo	18.232500	-94.872800		1786	1789	indias:1004164	Pueblo de la Cabeza de partido y Alcaldía mayor de Acayuca en Nueva España , es de temperamento cálido, situado a la falda de la sierra de S. Martín , tiene 358 familias de Indios, produce mucho maíz, frixoles, frutas e hilo de pita, que es el principal renglón de su tráfico, está 8 leguas al S de su Capital.	
id_09864	San Martin			MX	P	Pueblo	16.821400	-92.215300		1786	1789	indias:2000091	Otro de la Provincia y Alcaldía mayor de Chiapa en el mismo Reyno que los anteriores.	
id_17744	Xequetepeque			PE	P	Pueblo	-7.337000	-79.563100		1786	1789	indias:6001424	Pueblo de la Provincia y Corregimiento de Saña en el Perú , situado un quarto de legua del río de su nombre, es paso preciso del camino de Valles que va a Lima .	
id_08358	San Josef			BR	P	Pueblo	-22.896200	-43.173900		1786	1789		Otro de la Provincia y Capitanía del río Jeneyro en el Brasil , a orilla del río de las Muertes , y al N de la Villa de San Juan del Real .	crm:P189_approximates
id_00300	Aiahualtempa			MX	P	Pueblo	17.456900	-99.036900		1786	1789	indias:1000817	Pueblo de la Cabecera de Partido de Zitlala , y Alcaldía mayor de Chilapa , en Nueva España ; tiene 36 familias de Indios, y está 3 leguas al S de su Cabecera.	
id_16135	Tetecala			MX	P	Pueblo	18.450800	-99.131100		1786	1789	indias:1000955	Otro Pueblo hay de este nombre en la Cabeza de partido de Xoxutla , y de la misma Alcaldía mayor.	
id_13556	Punta Negra			CL	P	Pueblo	-27.406400	-70.313000		1786	1789	indias:7000071	Otro con el sobrenombre de Negra, de la Provincia y Corregimiento de Copiapó en el Reyno de Chile , situado cerca de la Costa y del río Mamas , a la parte del Sur tiene en su inmediación las minas de oro de Jesús María y de Maray , y más adelante casi al mismo rumbo la del Monte Blanco .	crm:P189_approximates
id_18134	Zacapuato			MX	P	Barrio	18.668100	-100.605600		1786	1789	indias:1001609	Pueblo pequeño o barrio de la Cabeza de partido de Cuzamala y Alcaldía mayor de Azuchitlán en Nueva España , situado a la orilla del río que llaman de los Bejucos , cuyas aguas se disminuyen en el Estío; pero en el Invierno se hace tan caudaloso como arriesgado por lo rápido de su corriente y malos pasos; está media legua separado del camino real, es de temperamento cálido y seco, y por esto carece de frutos con que comercian; a su inmediación hay una hacienda grande en que sirven los vecinos de...	
id_15835	Tatasi			BO	P	Pueblo	-21.168600	-66.145600		1786	1789	indias:8000162	Pueblo de la Provincia y Corregimiento de Chichas y Tarija en el Perú , del partido del primero.	
id_00018	Abeicas			US	L	Nación	33.995700	-85.743300		1786	1789		Nación de Indios de la Nueva Francia , confinante por el N con la de los Alibamones, y por el E con la de los Cheraquis: vive distante de los ríos grandes; y su terreno solo produce unas cañas, que no son de más grueso que el de un dedo, pero tan duras que quando se rompen cortan lo mismo que un cuchillo. Estos Indios hablan la lengua Tchicacha, y están aliados con las demás naciones contra los Iroqueses.	crm:P189_approximates
id_11342	Ocros			PE	P	Pueblo	-10.403800	-77.396600		1786	1789	indias:6000946	Otro Pueblo hay de este nombre en la Provincia y Corregimiento de Caxatambo en el mismo Reyno.	
id_04496	Congaia			PE	P	Pueblo	-12.957200	-74.490700		1786	1789	indias:6000607	Pueblo de la Provincia y Corregimiento de Angaraes en el Perú , anexo al Curato de Yulcamarca .	
id_10936	Nayarith			MX	A	Provincia	22.093200	-104.655200		1786	1789	indias:PRGDNA00	Provincia grande y dilatada de la América Septentrional ; confina por el Oriente con los términos de la Nueva Vizcaya y parte de la Nueva Galicia : por el Poniente con las Provincias de Copala y Culiacan : por el Sur con las Jurisdicciones y Alcaldías de la Audiencia de Guadalajara , y por el N con la sierra Madre en que está situada, y las Poblaciones de Taraumara : es País aspero y montuoso, pero fértil y abundante en ricas minas, que no se trabajan ni produce frutos por estar despoblada; en e...	crm:P189_approximates
id_17040	Tuzantalpa			MX	P	Pueblo	20.021900	-98.992600		1786	1789		Pueblo de la Cabeza de partido de Huipuxtla y Alcaldía mayor de Tepetango en el mismo Reyno que el anterior, tiene 143 familias de Indios.	crm:P189_approximates
id_08921	Llacllin			PE	P	Pueblo	-10.068200	-77.621600		1786	1789	indias:6001123	Pueblo de la Provincia y Corregimiento de Guailas en el mismo Reyno, anexo al Curato de Pararin .	
id_02690	Canatlan			MX	P	Pueblo	24.526400	-104.778300		1786	1789	indias:1000404	Pueblo de las Misiones que tienen, los Religiosos de San Francisco en la Provincia de Nueva Vizcaya .	
id_18316	San Miguel de Zometla			MX	P	Pueblo	19.641700	-98.881900		1786	1789	indias:1001674	Pueblo de la Cabeza de partido y Alcaldía mayor de Tezcoco en Nueva España , agregado al de Acolman , de quien dista un quarto de legua al Oriente; tiene 91 familias de Indios.	
id_00199	Aguacagua			VE	P	Pueblo	8.271900	-62.759800		1786	1789	indias:4000440	Pueblo de la Provincia de Guayana y Gobierno de Cumaná , uno de las Misiones que en ella tienen los Padres Capuchinos Catalanes; está a la orilla del río Caroni , cerca de la boca por donde entra al Orinoco .	crm:P189_approximates
id_07082	Halchiapa			MX	P	Pueblo	18.408900	-100.477800		1786	1789	indias:1001607	Pueblo de la Cabecera de Cuzamala y Alcaldía mayor de Azuchitlán en Nueva España , situado en una llanura, al pie de una encumbrada sierra que llaman de San Vicente , inmediata a un arroyo grande que baxa de ella, cuyas aguas muy puras y saludables corren al O de la Población; a sus faldas hay dos minas de plata, cobre y azogue, con otras muchas betas que no se trabajan, por cuyo motivo han desamparado el Pueblo la mayor parte de las gentes que lo habitaban, quedando solo algunas familias de Ind...	
id_04632	Santa Ana de Coro			VE	P	Ciudad	11.407400	-69.677800		1786	1789	indias:4000002	Ciudad de la Provincia y Gobierno de Venezuela , llamada así porque en tiempo de los Indios se denominaba aquel partido Coriana: la fundó Juan de Ampues el año de 1529: los Velzares, baxo de las órdenes de Nicolás Fedreman, fueron los primeros que la poblaron, dándola el nombre de Córdoba en contraposición de otra que con el mismo nombre habia fundado Gonzalo de Ocampo en la Provincia de Cumaná ; pero le perdió tomando el de Coro, que conserva hasta hoy, de un Pueblecillo de Indios llamado así; ...	
id_09432	San Pedro de Mala			PE	P	Pueblo	-12.658100	-76.630800		1786	1789	indias:6000703	Pueblo de la Provincia y Corregimiento de Cañete en el Perú , situado en un hermoso Valle del mismo nombre, célebre por haberse ajustado en él las diferencias que tenían Francisco Pizarro, y Diego de Almagro, como por la abundancia de salitre, y método de purificarlo que tienen, y se conducen a Lima para la Fábrica de Pólvora: el ayre es mal sano, y el territorio estéril.	
id_16046	San Gerónimo de Tepetlatalco			MX	P	Barrio	19.518300	-99.206400		1786	1789	indias:1001444	Pueblo pequeño o barrio de la Alcaldía mayor de Tacuba en Nueva España .	
id_11313	Ococo			PE	P	Pueblo	-14.010000	-75.023900		1786	1789	indias:6000632	Pueblo de la misma Provincia y Reyno que el anterior, y anexo también a aquel Curato.	
id_13731	San Francisco de Quibdo			CO	P	Pueblo	5.686900	-76.658400		1786	1789	indias:5000006	Pueblo de la Provincia y Gobierno del Darién y Reyno de Tierra Firme , situado en la Costa del N a orilla del río Atrato y en su boca, donde sale al mar en el golfo del Darién .	
id_13803	Quiñota			PE	P	Pueblo	-14.311000	-72.138500		1786	1789	indias:6000254	Pueblo de la Provincia y Corregimiento de Chumbivilcas en el Perú .	
id_11206	Norwalk			US	P	Ciudad	41.117600	-73.407900		1786	1789	gn:4839822	Ciudad Marítima del Condado de Fairfield en la Provincia de Connecticut , una de las de la Nueva Inglaterra , situada en el estrecho Long Island o Isla Larga .	crm:P189_approximates
id_03007	Cartagena			CO	P	Ciudad	10.423100	-75.550800		1786	1789	indias:5000004	La Capital es Ciudad grande, hermosa y de muy buenos edificios, fundada por Pedro de Heredia el año de 1533, a orilla de una gran Bahía muy cómoda que tiene más de 2 leguas de largo, llamóse Calamari en tiempo de los Indios, que significa en su idioma tierra de cangrejos, por los muchos que hay en ella: está situada en una Isla arenosa, que formando un paso estrecho, da comunicación a la parte que llaman Tierra Bomba ; por el Levante se comunica por un puente de madera, con el arrabal llamado Xi...	
id_12616	San Pedro			BO	P	Pueblo	-19.621200	-64.451700		1786	1789		Otro de la Provincia y Corregimiento de Tomina en el mismo Reyno, anexo al Curato de Sopachui .	crm:P189_approximates
id_06996	Guepaca			MX	P	Pueblo	29.911100	-110.213100		1786	1789	indias:1003963	Pueblo de la Provincia y Gobierno de la Sonora en Nueva España , situado a orilla de un río, entre los Pueblos de Acotzi y Babiacora .	
id_16631	Tonichi			MX	P	Pueblo	28.599400	-109.564700		1786	1789	indias:1003918	Pueblo de la Provincia y Gobierno de Ostimuri en Nueva España , situado a la orilla y cabecera del río Hiaqui .	
id_14381	Sabana Larga			CO	P	Pueblo	10.629200	-74.918800		1786	1789	indias:5000168	Otro con el aditamento de Larga en la Provincia y Gobierno de Cartagena y Nuevo Reyno de Granada , situado en el camino que baxa al río de la Magdalena , y a orilla de un Estero que sale del Dique.	
id_12006	San Lucas de Paicollo			BO	P	Pueblo	-20.102500	-65.133300		1786	1789	indias:8000057	Pueblo de la Provincia y Corregimiento de Pilaya y Paspaya en el Perú .	
id_16472	Tlaltepec			MX	P	Pueblo	17.809400	-97.431900		1786	1789	indias:1002865	Otro Pueblo hay de este nombre en la Cabeza de partido de Chicahuaztla y Alcaldía mayor de Tepozcolula en la Provincia y Obispado de Oaxaca , tiene 64 familias de Indios que comercian en texidos de algodón a cambio de sal en las Costas de Xicayán .	
id_14507	Salem			US	P	Ciudad	42.519500	-70.896700		1786	1789	gn:4950065	Ciudad Capital del Condado de Essex en la Provincia de la Bahía de Massachusets y Nueva Inglaterra , 18 millas al N de Bostón , en que hay una de las Iglesias de mejor arquitectura, está situada en un llano entre dos ríos, y tiene dos Puertos llamados el uno de Invierno y el otro de Verano, es donde los Colonos de la Bahía de Massachusets hicieron su primer establecimiento, y a donde trasladó el Parlamento de Inglaterra el Puerto de Bostón el año de 1774, quando empezaron las alteraciones y guer...	crm:P189_approximates
id_15297	Sora			CO	P	Pueblo	5.567100	-73.449900		1786	1789	indias:5000498	Pueblo de la Provincia de Tunja en el Nuevo Reyno de Granada , es de temperamento moderadamente frío, abundante de frutos de este clima, especialmente de trigo de muy buena calidad, maíz, papas etc. tiene 100 vecinos y 150 Indios; está dos horas de camino de Tunja al O hacia la Villa de Leiba .	
id_14854	Saus			MX	P	Pueblo	21.590800	-99.472400		1786	1789	indias:1004979	Pueblo de la Cabeza de partido de Tamazunchale y Provincia y Alcaldía mayor de Valles en Nueva España , es de Indios Pames que viven como bárbaros en aquella sierra.	crm:P189_approximates
id_14254	Santa Rosa			EC	P	Pueblo	-0.987900	-77.439700		1786	1789	indias:5600604	Otro Pueblo hay de este nombre en la Provincia y Gobierno de Quixos y Macas del Reyno de Quito , situado cerca del caudaloso río Napo en que hay algunos lavaderos de oro, es fértil en yucas, maíz y plátanos, sus naturales son grandes cazadores, y tan diestros que hasta el pescado matan a flechazos.	crm:P189_approximates
id_14816	Sativa			CO	P	Pueblo	6.108500	-72.705100		1786	1789	indias:5000506	Pueblo de la Provincia y Corregimiento de Tunja en el Nuevo Reyno de Granada , es de temperamento frío, pero sano, abundante en todos los frutos de este clima y en harina, de que se provee Santa Fe y los demás Pueblos; su Iglesia Parroquial es una de las mejores del Reyno, tiene más de mil vecinos que padecen la incomodidad de tener coto en la garganta, que allí es muy común: está 40 leguas al N de Santa Fe y 15 de Tunja al mismo rumbo, en el camino real que va a Pamplona , Mérida , Caracas y Oc...	
id_03935	Chuchulaia			BO	P	Pueblo	-15.719400	-68.733700		1786	1789	indias:8000653	Pueblo de la Provincia y Corregimiento de Larecaja en el Perú , anexo al Curato de Combaya , en que hay un célebre Santuario de Nuestra Señora muy frecuentado.	crm:P189_approximates
id_13089	Piojon			CO	P	Pueblo	10.748400	-75.108200		1786	1789	indias:5000186	Pueblo de la Provincia y Gobierno de Cartagena , situado entre la punta de Zamba y el río grande de la Magdalena .	
id_13851	Quisque			PE	P	Pueblo	-12.503300	-75.886100		1786	1789	indias:6000937	Pueblo de la Provincia y Corregimiento de Yauyos en el mismo Reyno que el anterior, anexo al Curato de Pampas , en su distrito hay una laguna que llaman Huarmicocha que tiene dos leguas de largo y quarto de ancho, y un vegetal llamado myrcas con que tiñen de encarnado los Indios sus vestidos.	
id_15544	Tacupeto			MX	P	Pueblo Real de Minas	28.796700	-109.165300		1786	1789	indias:1003920	Pueblo y Real de Minas de Plata de la Provincia de Ostimuri , que en otro tiempo dio bastante riqueza y hoy está desmantelado, dista 18 leguas al NE del Real de Río Chico .	
id_10542	Santa Monica			MX	P	Barrio	18.993000	-99.423700		1786	1789		Tiene el mismo nombre otro Pueblo pequeño o Barrio de la Cabezera de Partido de Ocuila y de la misma Alcaldía mayor y Reyno que el anterior.	crm:P189_approximates
id_12215	Papantla			MX	A	Alcaldía mayor	20.379000	-97.331400		1786	1789	indias:JUNEVCPP	Alcaldía mayor y jurisdicción de Nueva España, es por la mayor parte de temperamento cálido y húmedo, se extiende 15 leguas corriendo la Costa del mar a sotavento de la Vera Cruz , dando principio desde la barra del famoso río de Nautla , en donde se divide de aquel Gobierno, hasta la barra de Corazones , que sirve de límites a la jurisdicción de Guauchinango , y de impedimento para entrar las embarcaciones por pequeñas que sean, lo qual no sucede al de Nautla , porque aunque tiene cerca de tres...	crm:P189_approximates
id_11319	Ocongate			PE	P	Pueblo	-13.626900	-71.385300		1786	1789	indias:6000346	Pueblo de la Provincia y Corregimiento de Quispicanchi en en el Perú , anexo al Curato del de Cerca en la de Paucartambo .	
id_16331	Santiago de Tillo			MX	P	Pueblo	17.459700	-97.319400		1786	1789	indias:1002857	Pueblo de la Alcaldía mayor de Yanguitlán en Nueva España , tiene 180 familias de Indios, y está una legua entre Oriente y N de su Capital.	
id_00202	Aguacatenango			MX	P	Pueblo	16.472200	-92.407800		1786	1789	indias:2000026	Pueblo de la Provincia y Alcaldía mayor de Chiripo , en el Reyno de Goatemala .	
id_18143a	Zacatula			MX	P	Pueblo Capital	18.008900	-102.178100		1786	1789	indias:1004958	La Capital es el Pueblo de su nombre, de temperamento cálido, habitado de 30 familias de Indios, cuyo distrito está poblado de trapiches y ranchos , en que hay hasta 100 familias de Españoles, Mestizos y Mulatos , fertilizando la tierra el caudaloso río de su nombre, que corre precipitado hasta salir a la Mar del Sur , está 130 leguas entre Poniente y N de México , en 269 gr. 30 min. de long. y 21 grad. 19 min. de lat.	
id_16603	Tomocoro			VE	P	Pueblo	9.630400	-71.059200		1786	1789	indias:4000627	Pueblo de la Provincia y Gobierno de Maracaibo en el Nuevo Reyno de Granada , situado dentro de la laguna a la vanda del E.	crm:P189_approximates
id_18343	Zuchitlapilco			MX	P	Pueblo	17.785800	-97.808900		1786	1789	indias:1002382	Pueblo de la Alcaldía mayor de Guajuapa en el mismo Reyno que los anteriores, tiene 55 familias de Indios.	
id_07406	Huañagasta			AR	P	Pueblo	-28.483300	-63.066700		1786	1789	indias:9000104	Pueblo de la provincia y Gobierno del Tucumán en el distrito y jurisdicción de la Ciudad de Santiago del Estero , en que hay una Capilla, anexa a su Curato.	crm:P189_approximates
id_01006	Apango			MX	P	Pueblo	19.781400	-103.710800		1786	1789	indias:1000539	Pueblo de la Cabecera de Partido y Alcaldía mayor de Zayula , en Nueva España , con 140 familias de Indios; está 5 leguas al Poniente de su Capital.	
id_07314	Huacaibamba			PE	P	Pueblo	-9.039400	-76.954300		1786	1789	indias:6001052	Pueblo de la Provincia y Corregimiento de Guamalies en el Perú .	
id_04705	San Cosme Nuevo			PY	P	Pueblo	-27.313800	-56.330500		1786	1789	indias:9000201	Otro con el aditamento de Nuevo para distinguirlo del anterior en la misma Provincia, reducción también de aquellos Regulares a orilla del Paraná y al O del Pueblo de Jesús .	
id_06140	San Francisco de Vizarrón			MX	P	Pueblo	28.212000	-100.725900		1786	1789	indias:1005394	Otro con el sobrenombre de Vizarron, de las Misiones y conversión de Indios Peyotes en la Provincia y Gobierno de Coagui la, fundado de orden del Arzobispo y Virrey de Nueva España Don Juan Antonio Vizarron, a orilla de un brazo del río de Santo Domingo , esta 25 leguas al NO del presidio de San Juan de Río Grande .	
id_05456	Despensa			CR	P	Pueblo	10.211500	-85.230900		1786	1789		Pueblo de la Provincia y Gobierno de Cistarricá , en el Reyno de Goatemala , situado en la Costa de la mar del Sur , cerca de la Villa de Nicoya .	
id_05713	Encabellados			PE	L	Nación	-1.805100	-74.503000		1786	1789		Nación bárbara de Indios del Reyno de Quito , al N del río Napo , les dieron este nombre los Españoles que los descubrieron con el Capitán Juan Palacios el año de 1635 porque todos así hombres como mugeres se dexan crecer muy largo el cabello, y lo traen suelto, son engañosos y traydores, sus armas son las flechas, y sus habitaciones chozas de paja hechas con curiosidad, se alimentan de la caza y de la pesca, y tienen continua guerra con sus confinantes, que son los Seños, Becavas, Tamas, Chusia...	crm:P189_approximates
id_14213	Rode island			US	A	Provincia	41.667600	-71.539700		1786	1789		Provincia de la Nueva Inglaterra en la América Septentrional y Estados Unidos de aquella parte del mundo, y la más pequeña de las que la componen, enfrente del monte Hope o de la Es peranza, consiste en una pequeña Isla del mismo nombre, y en la antigua plantación de la Providencia , es gobierno separado por privilegio que le concedió el Rey Carlos II de Inglaterra, está en la Bahía de Narraganset , tiene 16 millas de largo y 5 de ancho, sus primeros habitantes fueron los desterrados de Bostón e...	
id_10734	Moyobamba			PE	P	Ciudad	-6.034500	-76.974900		1786	1789	indias:6000009	Valles, Ciudad Capital del Partido de este nombre en la Provincia y Corregimiento de Chachapoyas y Reyno del Perú : es de temperamento cálido, llovioso y mal sano, pero abundante de frutos y muchísimo ganado, algodón, azúcar y tabaco, del que solia coger 200 cargas al año antes que se estancase por cuenta del Rey, y de tan excelente calidad que se buscaba con preferencia al de las demás Provincias: también produce muchas frutas; tiene además de la Iglesia Parroquial una Capilla de Nuestra Señora...	
id_10278	San Miguel			MX	P	Pueblo	15.922500	-96.174400		1786	1789	indias:1002401	Otro de la Alcaldía mayor de Huamelula en el mismo Reyno, situado al pie de un empinado cerro, a cuya inmediación corre un Río caudaloso y profundo que necesita de canoas para pasarlo: es de temperamento cálido, y de terreno estéril para frutos, y solo produce grana, que es el único trato de su vecindario, compuesto de 54 familias de Indios: a dos leguas de distancia y a orilla del Río se ven las ruinas del Pueblo de San Bartolomé , que quedó abandonado por haber muerto todos sus habitantes en l...	
id_15052	Siccha			BO	P	Pueblo	-18.914600	-65.295900		1786	1789	indias:8000076	Pueblo de la Provincia y Corregimiento de Yamparaes en el mismo Reyno que el anterior, pertenece al Arzobispado de Charcas , y es anexo al Curato del de Huanipaya .	
id_07683	San Ignacio			MX	P	Pueblo	23.941200	-106.427600		1786	1789	indias:1004900	Pueblo de las Misiones que tenían los Regulares de la Compañía en la Provincia de Topia y Reyno de la Nueva Vizcaya , situado en medio de la sierra de aquel nombre, a orilla del río Piastla .	
id_12895	Pibil			PE	P	Pueblo	-13.551700	-72.406100		1786	1789	indias:6000170	Pueblo de la Provincia y Corregimiento de Abancay en el Perú .	crm:P189_approximates
id_18283	Zinacamitlan			MX	P	Pueblo Cabecera	18.978900	-103.695800		1786	1789	indias:1002032	Pueblo y Cabeza de partido de la Alcaldía mayor de Motines en el mismo Reyno que el anterior, tiene 26 familias de Indios.	
id_15266	Concepción Sombrero			VE	P	Pueblo	9.389800	-67.061700		1786	1789	indias:4000169	Otro Pueblo con la advocación de Nuestra Señora de la Concepción en la misma Provincia y Reyno que el anterior, y del distrito de la Ciudad de S. Sebastián de los Reyes : confina al Oriente con el Pueblo de Barbacoas , de quién dista 4 1/2 leguas; al Poniente con la Villa de Calabozo 25 al N, con el Pueblo de Ortiz 13, y al S con el del Calvario 14: su territorio es casi todo de llanuras y sabanas en que cría muchísimo ganado vacuno, mular y caballar, de que hace su principal comercio: en la Igl...	crm:P189_approximates
id_12556	San Luis de la Paz			MX	A	Alcaldía mayor	21.286200	-100.234700		1786	1789	indias:JUNEGJSP	Tiene el mismo nombre con la advocación de San Luis, una Alcaldía mayor y partido del Reyno y Obispado de Mechoacán , confina por el SE con la jurisdicción de la Villa de Cadereita , por el Poniente con la de San Miguel el grande , por el S con la de Queretaro , y por el N con la de San Luis de Potosí , es muy fértil y abundante en frutos, especialmente en viñas, de que hace muchos vinos y aguardientes que son los principales ramos de comercio de su limitada jurisdicción, que solo consta de los ...	crm:P189_approximates
id_05538	Santo domingo			MX	P	Pueblo	17.066700	-96.200000		1786	1789	indias:1002701	Otro que es Cabecera de fa Alcaldía mayor de Teutitlán en el mismo Reyno, tiene 92 familias de Indios, dista 3 leguas entre Oriente y S de su Capital.	
id_04016	Churumatas			BO	P	Pueblo	-19.437400	-64.824400		1786	1789	indias:8000070	Pueblo de la Provincia y Corregimiento de Yamparaes en el Perú , y del Arzobispado de Charcas .	
id_13028	Pimeria			MX	A	Provincia	31.281100	-111.035500		1786	1789		Provincia dilatada de la América Septentrional , que toma este nombre de los Indios Pimes que la habitan, aunque en ella se hallan otras muchas naciones, confina por el N con la de la Sonora , y se extiende más de 100 leguas; divídese en dos partes, una llamada alta, y otra baxa: una y otra son muy abundantes de agua que fertiliza el terreno, y lo hace producir grandes cosechas de trigo, y mucho pasto en que crían crecidas porciones de ganado....	crm:P189_approximates
id_17999	Yaviche			MX	P	Pueblo Cabecera	17.400000	-96.294400		1786	1789	indias:1003028	Pueblo y Cabeza de partido de la Alcaldía mayor de Villalta en Nueva España , es de temperamento cálido, tiene 50 familias de Indios, y está 8 leguas al Poniente de su Capital.	
id_07886	Iqueique			CL	P	Pueblo	-20.213200	-70.148000		1786	1789	indias:6000142	Pueblo de la Provincia y Corregimiento de Arica en el Perú , dos leguas distante de Huantajaya , y anexo al Curato de Tarapaca , tiene un buen Puerto pequeño, cómodo para embarcaciones menores, que hacen en él la pesca de tollo y congrío, que salan y llevan a vender a las demás Provincias: está en 20 gr. 20 min. de lat. aust.	
id_15244	Soledad			CO	P	Pueblo	10.908800	-74.778900		1786	1789	indias:5000107	Otro de la Provincia y Gobierno de Cartagena en el Nuevo Reyno de Granada , situado a la orilla del río grande de la Magdalena , y en la extremidad de la Isla en que está la Capital.	
id_16927	Tumbez			PE	P	Pueblo	-3.571700	-80.452800		1786	1789	indias:6001395	Pueblo de la Provincia y Corregimiento de Piura en el Perú , fundado a la orilla del río de su nombre, y cerca de la Costa del mar del Sur , célebre por haber desembarcado en él Francisco Pizarro el año de 1526 quando fue a la conquista del Perú , y Pedro de Candia, uno de sus soldados, griego, natural de la Isla de su nombre, el primero que pisó la tierra, donde sucedió el prodigio de humillarse a una cruz que llevaba en la mano un león furioso que le echaron los Indios para que lo hiciese peda...	
id_03939	Santiago de Chuco			PE	P	Pueblo	-8.145700	-78.173400		1786	1789	indias:6001335	Pueblo de la Provincia y Corregimiento de Huamachuco en el Perú .	
id_03666	San Pedro Chilapa			MX	P	Pueblo	17.033300	-97.050800		1786	1789	indias:1002615	Otro con la advocación de San Pedro de la Cabecera de Partido de Huitepec y Alcaldía mayor de Ixquintepec es el mismo Reyno: tiene 30 familias de Indios, y está 5 leguas al N con inclinación al Oriente de su Capital.	
id_15293	Sopetran			CO	P	Pueblo	6.500100	-75.740800		1786	1789	indias:5000080	Pueblo de la Provincia y Gobierno de Antioquia en el Nuevo Reyno de Granada , inmediato a su Capital, en que se venera una Imagen milagrosa de nuestra Señora de su nombre que dió el Oidor de Santa Fe Don Francisco Campuzano, y con quién tienen singular devoción en toda la comarca.	
id_10174	Metatlan			MX	P	Pueblo Cabecera	20.211400	-97.680800		1786	1789	indias:1004237	Pueblo y Cabezera de Partido de la Alcaldía mayor de Papantla en Nueva España ; tiene 70 familias de Indios.	
id_09170	San Lucia			BO	P	Pueblo	-19.548300	-65.849400		1786	1789	indias:8000697	Otro de la Provincia y Corregimiento de Potosí en el mismo Reyno, anexo al Curato de Tarapaya .	crm:P189_approximates
id_07581	Santiago de Huizitlatepec			MX	P	Pueblo	17.028300	-96.565600		1786	1789	indias:1002705	Pueblo de la Cabecera de Macuilzuchil y Alcaldía mayor de Teutitlán en Nueva España , tiene 66 familias de Indios, y dista una legua al S de su Cabecera, produce grana, algodón, maíz y otros frutos.	
id_00614	Amotape			PE	P	Pueblo	-4.883100	-81.015600		1786	1789	indias:6001404	Pueblo de la Provincia y Corregimiento de Piura , en el Perú , inmediato a la Costa de la mar del Sur , y a un quarto de legua del río de su nombre, que se pasa en Balsas quando es tiempo de aguas, con las que fertiliza el terreno en que se cojen con abundancia semillas, raices y frutas de temple cálido. Es tránsito preciso del camino que llaman de Valles para ir a Piura ....	
id_15671	Tampamolon			MX	P	Pueblo Cabecera	21.557900	-98.822200		1786	1789	indias:1003821	Pueblo y Cabeza de partido de la Provincia y Alcaldía mayor de Valles en Nueva España , es de temperamento cálido y seco, abundante en granos, legumbres y caña dulce de que hacen mucha azúcar de piloncillo, que es el principal comercio de que se mantienen; tiene muy buena Iglesia Parroquial y un Convento de Religiosos de San Francisco, y 40 familias de Indios Mexicanos y Guastecos que alternativamente exercen los oficios de la República, sin perder la costumbre de vivir dispersos, y lo mismo hac...	
id_09359	Magdalena			PE	P	Pueblo	-6.374100	-77.900300		1786	1789	indias:6001323	Otro de la Provincia y Corregimiento de Luya y Chillaos en el Perú , anexo al Curato de Jalca .	
id_04648	Coromoto			VE	P	Pueblo	8.915500	-69.773000		1786	1789		Pueblo de la Provincia y Gobierno de Venezuela , situado a orilla del río Guanarito , al S de la Villa de Guanaro .	crm:P189_approximates
id_09963	San Mateo			MX	P	Pueblo	19.315900	-99.479500		1786	1789		Otro de la Cabezera de Partido y Alcaldía mayor de Lerma en el mismo Reyno; tiene 31 familias de Indios, y está una legua al NE de su Capital.	crm:P189_approximates
id_11863	Natividad			MX	S	Hermita	19.245600	-99.092800		1786	1789	indias:1001811	Id. lín. 22 Tiene el mismo nombre una Hermita de Nueva España , distante menos de media legua de la Ciudad de Xuchimilco , y quatro al medio día de México , en que hay dos o tres fuentes de muy buena agua y en la mayor y más honda está una cruz de piedra sentada en el suelo, la qual pusieron allí los primeros Religiosos de San Francisco que pasaron a aquel Reyno, en que se nota la particularidad de que sin estar asida en ninguna parte del manantial, se mantiene sin caerse, no pudiendo verse como...	
id_02856	Carangas			BO	A	Provincia	-18.498700	-68.225800		1786	1789	indias:JUCCCCCA	Provincia y Corregimiento del Perú, confinante al N con la de Pacages , por el E con la de Paria , por el S con la de Lipes , y por el O con la de Arica : tiene 36 leguas de largo N S, y 30 de ancho por donde más; el temperamento de toda ella es frío y sumamente ventoso, y así no produce más frutos que los de la Sierra; pero cría mucho ganado mayor y menor, huanacos, carneros de la tierra o Llamas, y no pocas vicuñas, y por donde confina con la de Pacages también se crían cerdos; sus minas de pl...	crm:P189_approximates
id_01433	Atures			VE	P	Pueblo	5.664000	-67.623600		1786	1789	indias:4000401	Pueblo de las Misiones que tenían los Regulares de la Compañía, en el Orinoco : hoy está al cuidado de los Religiosos Capuchinos.	crm:P189_approximates
id_13054	Pincos			PE	P	Pueblo	-13.626300	-73.197200		1786	1789	indias:9900983	Pueblo de la Provincia y Corregimiento de Andahuailas en el Perú , distante 6 leguas de su Capital.	
id_04029	Cienega del Oro			CO	P	Pueblo	8.873300	-75.620300		1786	1789	indias:5000184	Otro con el sobrenombre del Oro en la Provincia y Gobierno de Cartagena del mismo Reyno: es del partido de Tola , y formado de la reunión de otros el año de 1776 por el Gobernador Don Juan Pimienta.	
id_16506	Tlaxcala			MX	P	Pueblo	25.676800	-100.258400		1786	1789	indias:1005178	Un Pueblo hay de este mismo nombre en la Provincia y Gobierno del Nuevo Reyno de León , está 7 leguas al NO de la Capital.	
id_03840	Chocan			PE	P	Pueblo	-4.538500	-79.709500		1786	1789	indias:6001407	Pueblo de la Provincia y Corregimiento de Piura en el Perú , anexo al Curato de Ayabaca .	
id_06764	Guanare			VE	P	Villa	9.032700	-69.734500		1786	1789	indias:4000018	Tiene el mismo una Villa de la Provincia y Gobierno de Venezuela , fundada por el Capitan Juan Fernandez de León el año de 1593 de orden del Gobernador D. Diego de Osorio cerca del río de quien toma el nombre, y de otro que la circunda, y ambos son abundantísimos de pescado; es de temperamento sano, aunque sumamente calido; cría mucho ganado vacuno por la proporción que tiene de pastos en sus dilatadas llanuras y sabañas; produce asimismo porción de cacao, tabaco, frutas y hortalizas; en su Igle...	
id_01632	Baltimore			US	P	Pueblo	39.290400	-76.612200		1786	1789	gn:4347778	Tiene el mismo nombre un Pueblo de los Ingleses, en la Provincia y Colonia antecedente, Capital del mismo Condado, a la boca del río Bush : sus casas están esparcidas y distantes, de modo que es irregular, y apenas merece ser Capital: está en 40 grad. 50 min. de lat. sept. y 77 y 5 de long. occid.	crm:P189_approximates
id_12135	Pampichi			GT	P	Pueblo	14.480300	-90.617000		1786	1789		Pueblo de la Provincia y Reyno de Guatemala , anexo del Curato de Amatitán , de quien está muy cerca.	crm:P189_approximates
id_12626	San Pedro			MX	P	Pueblo	21.533300	-103.309700		1786	1789	indias:1004624	Otro de la Cabecera y Alcaldía mayor de Juchipila en Nueva España , distante 6 leguas al Poniente de ella.	
id_04002	Chuquicota			BO	P	Pueblo	-18.098200	-67.895500		1786	1789	indias:8000046	Pueblo de la Provincia y Corregimiento de Carangas y Arzobispado de Charcas en el Perú .	
id_09621a	Maracaibo				H	Laguna	9.776800	-71.575700		1786	1789		Tiene el mismo nombre la gran Laguna de esta misma Provincia y Reyno , cuya denominación tomó de un cazique llamado asi, que había en ella quando entraron los Españoles: tiene 50 leguas de largo N S aunque Coleti no le da más que 42 y 30 de ancho por donde más, que también reduce a once; se forma del caudal de muchos ríos, como son el de Pamplona o Zulia, el de Chama que baxa de las Sierras de Mérida , de las nieves que se derriten, el de San Pedro , el de Motatán más caudaloso que todos, y nace...	crm:P189_approximates
id_02746	Capachica			PE	P	Pueblo	-15.642600	-69.830100		1786	1789	indias:8000210	Pueblo de la Provincia y Corregimiento de Paucarcolla en el Perú , situado a la orilla del O de la laguna Titicaca .	
id_01044	San Lucas de Apozo			MX	P	Pueblo	19.669200	-100.409400		1786	1789	indias:1002142	Pueblo de la Cabecera de Partido de Irumpo , y Alcaldía mayor de Maravatio , en el Obispado de Mechoacán ; tiene 15 familias de Indios, y dista una legua al ESE de su Cabecera.	
id_16028	Tepapayeca			MX	P	Pueblo Cabecera	18.671700	-98.531700		1786	1789	indias:1003427	Pueblo y Cabeza de partido de la Alcaldía mayor de Izucar en Nueva España , en el distrito de su Curato hay diez barrios a cortas distancias en que se cuentan 420 familias de Indios y 40 de Mestizos y Mulatos ; el terreno es quebrado, pero produce mucho trigo y maíz: está dos leguas y media de su Capital entre Poniente y N, algo más inclinado a este.	
id_00957	San Antonio			BR	P	Pueblo	-24.885300	-51.002800		1786	1789	indias:9990002	Otro de las Misiones que tenían los Regulares de la Compañía, en la Provincia del Gairá , del Gobierno del Paraguai ; está destruido, y solo se ven sus ruinas a la orilla del río Guabay , desde que lo arruinaron los Portugueses de San Pablo , el año de 1680.	crm:P189_approximates
id_14839	Sauces			AR	P	Pueblo	-33.418300	-63.289900		1786	1789		Otro también en la misma Provincia con la denominación de Río en la jurisdicción de la Ciudad de Córdoba .	
id_11912	San Pablo			MX	P	Barrio	18.867800	-99.588900		1786	1789	indias:1001159	Otro Pueblo pequeño o Barrio de la Cabeza de partido de Zumpahuacán y Alcaldía mayor de Marinalco en Nueva España .	
id_15897	Tecolotlan			MX	P	Pueblo	20.202800	-104.048900		1786	1789	indias:1000429	Pueblo de la Cabeza de partido y Alcaldía mayor de Autlán en el mismo Reyno, es de temperamento templado, tiene 38 familias de Españoles, 13 de Mestizos y Mulatos y 16 de Indios, con un Convento de S. Francisco: está 13 leguas al N de su Cabecera.	
id_03712	Chimaltepec			MX	P	Pueblo	17.398600	-98.374000		1786	1789		Pueblo de la Alcaldía mayor de Tlapa en Nueva España : tiene 29 familias de Indios, y está 2 leguas del Real de Minas de Cairo .	crm:P189_approximates
id_11416	Omasuyos			BO	A	Provincia	-16.108900	-68.656800		1786	1789	indias:JUCCLPOM	Provincia y Corregimiento del Reyno del Perú : confirma por el N y NO con la de Paucarcolla , por NE y E con la de Larejaca mediando los altos y Cordilleras; que llaman de Ancuma , por el Sur con la Ciudad de la Paz y Provincia de Pacajes , y corriendo por el SO con la laguna de Umamarca , brazo grande de la principal de Titicaca pues se comunican por el estrecho de Tiquina , y por el O con la gran laguna, en cuya parte Occidental hay una lengua de tierra, mediando la laguna de esta Provincia qu...	crm:P189_approximates
id_13493	Puela			EC	P	Pueblo	-1.518000	-78.504000		1786	1789		Pueblo de la Provincia y Corregimiento de Riobamba en el Reyno de Quito .	crm:P189_approximates
id_05977	San Felipe			MX	P	Villa	21.478800	-101.215600		1786	1789	indias:1000695	Una Villa Cabecera de Partido de la Alcaldía mayor de S. Miguel el grande en la Provincia y Obispado de Mechoacán y Reyno de Nueva España , tiene 500 familias de Españoles, Mestizos y Mulatos , y un Convento de Religiosos de San Francisco, esta 20 leguas de su Capital, y 70 de México .	
id_14551	Salisbury			US	P	Ciudad	42.841800	-70.860600		1786	1789	gn:4950092	Ciudad del Condado de Essex y Provincia de Massachusets en la Nueva Inglaterra y Estados Unidos de la América , situada en la orilla septentrional del río Merrymack , que tiene allí casi media milla de ancho, y en que hay una barca para pasarlo, está cerca de la Costa del mar, 40 millas al N de Bostón y 20 de Portsmouth en la Provincia de Nueva Hampshire , en 70 gr. 35 min. de long. y 42 gr. 55 min. de lat.	crm:P189_approximates
id_16099	San Martin de Tequisquipa			MX	P	Pueblo	19.056400	-99.944700		1786	1789	indias:1001526	Pueblo de la Alcaldía mayor y Real de Minas de Temascaltepec en Nueva España , tiene 27 familias de Indios dedicados al cultivo de las semillas, y está 3 leguas al O de su Capital.	
id_17200	Utawas			CA	L	Nación	45.755400	-78.631000		1786	1789		Pueblo de Indios de esta nación en la Nueva Francia o Canadá, situado cerca de la Bahía de Saguinam al E, entre ella y el lago Hurón .	crm:P189_approximates
id_16513	Tlazasalca			MX	A	Jurisdicción	20.093000	-102.084000		1786	1789	indias:PTNEMITZ	Jurisdicción y Alcaldía mayor de la Provincia y Obispado de Mechoacán llamada también por otro nombre la Piedad, es de tan corto distrito que solo se compone de siete Pueblos moderados, pues aunque tiene proporcionada población, los vecinos viven más que en los Pueblos en las haciendas, que vienen a ser como unas congregaciones separadas de las de los Indios para vivir con más comodidad y estar a la vista de sus tierras, con que logran vencer la pereza e inconstancia de ellos en el trabajo; es m...	crm:P189_approximates
id_16329	Santiago Tilapan			MX	P	Pueblo	17.157200	-97.987000		1786	1789		Otro Pueblo hay del mismo nombre y advocación en la Cabeza de partido de Zuchiquilatzán y Alcaldía mayor de Juxtlahuaca en el mismo Reyno.	
id_06774	Guanchaco			PE	P	Pueblo Puerto	-8.082100	-79.118400		1786	1789	indias:6001447	Pueblo y Puerto de la Provincia y Corregimiento de Truxillo en el Perú , es pobre y corto, y sus naturales se mantienen de la pesca que van a vender a la Capital y otros lugares inmediatos, y de auxiliar las embarcaciones y dirigir las lanchas que van al Puerto, que aunque es abierto y poco defendido de los vientos, es muy freqüentado de embarcaciones que vienen de Lima y de Panamá , y sin el practico conocimiento de sus naturales peligrarian a la entrada en una barra que hay de peñas y arena: l...	
